"TIMESTAMP","VALUE"
"2016-05-13 17:29:00.00",78944
"2016-05-13 17:29:00.01",78944
"2016-05-13 17:29:00.02",2810
"2016-05-13 17:29:00.03",679
"2016-05-13 17:29:00.04",316
"2016-05-13 17:29:00.05",187
"2016-05-13 17:29:00.06",273
"2016-05-13 17:29:00.07",333
"2016-05-13 17:29:00.08",157
"2016-05-13 17:29:00.09",299
"2016-05-13 17:29:00.10",281
"2016-05-13 17:29:00.11",265
"2016-05-13 17:29:00.12",387
"2016-05-13 17:29:00.13",409
"2016-05-13 17:29:00.14",328
"2016-05-13 17:29:00.15",333
"2016-05-13 17:29:00.16",80
"2016-05-13 17:29:00.17",321
"2016-05-13 17:29:00.18",286
"2016-05-13 17:29:00.19",443
"2016-05-13 17:29:00.20",362
"2016-05-13 17:29:00.21",376
"2016-05-13 17:29:00.22",217
"2016-05-13 17:29:00.23",179
"2016-05-13 17:29:00.24",461
"2016-05-13 17:29:00.25",184
"2016-05-13 17:29:00.26",379
"2016-05-13 17:29:00.27",251
"2016-05-13 17:29:00.28",388
"2016-05-13 17:29:00.29",409
"2016-05-13 17:29:00.30",307
"2016-05-13 17:29:00.31",351
"2016-05-13 17:29:00.32",443
"2016-05-13 17:29:00.33",452
"2016-05-13 17:29:00.34",511
"2016-05-13 17:29:00.35",422
"2016-05-13 17:29:00.36",409
"2016-05-13 17:29:00.37",593
"2016-05-13 17:29:00.38",521
"2016-05-13 17:29:00.39",461
"2016-05-13 17:29:00.40",243
"2016-05-13 17:29:00.41",495
"2016-05-13 17:29:00.42",385
"2016-05-13 17:29:00.43",563
"2016-05-13 17:29:00.44",538
"2016-05-13 17:29:00.45",503
"2016-05-13 17:29:00.46",592
"2016-05-13 17:29:00.47",453
"2016-05-13 17:29:00.48",508
"2016-05-13 17:29:00.49",371
"2016-05-13 17:29:00.50",584
"2016-05-13 17:29:00.51",431
"2016-05-13 17:29:00.52",516
"2016-05-13 17:29:00.53",495
"2016-05-13 17:29:00.54",516
"2016-05-13 17:29:00.55",414
"2016-05-13 17:29:00.56",533
"2016-05-13 17:29:00.57",329
"2016-05-13 17:29:00.58",657
"2016-05-13 17:29:00.59",499
"2016-05-13 17:29:00.60",576
"2016-05-13 17:29:00.61",560
"2016-05-13 17:29:00.62",640
"2016-05-13 17:29:00.63",431
"2016-05-13 17:29:00.64",631
"2016-05-13 17:29:00.65",691
"2016-05-13 17:29:00.66",982
"2016-05-13 17:29:00.67",661
"2016-05-13 17:29:00.68",499
"2016-05-13 17:29:00.69",588
"2016-05-13 17:29:00.70",375
"2016-05-13 17:29:00.71",375
"2016-05-13 17:29:00.72",375
"2016-05-13 17:29:00.73",375
"2016-05-13 17:29:00.74",375
"2016-05-13 17:29:00.75",375
"2016-05-13 17:29:00.76",375
"2016-05-13 17:29:00.77",375
"2016-05-13 17:29:00.78",375
"2016-05-13 17:29:00.79",375
"2016-05-13 17:29:00.80",375
"2016-05-13 17:29:00.81",375
"2016-05-13 17:29:00.82",375
"2016-05-13 17:29:00.83",375
"2016-05-13 17:29:00.84",375
"2016-05-13 17:29:00.85",375
"2016-05-13 17:29:00.86",375
"2016-05-13 17:29:00.87",375
"2016-05-13 17:29:00.88",375
"2016-05-13 17:29:00.89",375
"2016-05-13 17:29:00.90",375
"2016-05-13 17:29:00.91",375
"2016-05-13 17:29:00.92",375
"2016-05-13 17:29:00.93",375
"2016-05-13 17:29:00.94",375
"2016-05-13 17:29:00.95",375
"2016-05-13 17:29:00.96",375
"2016-05-13 17:29:00.97",375
"2016-05-13 17:29:00.98",375
"2016-05-13 17:29:00.99",375
"2016-05-13 17:29:01.00",375
"2016-05-13 17:29:01.01",375
"2016-05-13 17:29:01.02",375
"2016-05-13 17:29:01.03",375
"2016-05-13 17:29:01.04",375
"2016-05-13 17:29:01.05",375
"2016-05-13 17:29:01.06",375
"2016-05-13 17:29:01.07",375
"2016-05-13 17:29:01.08",375
"2016-05-13 17:29:01.09",375
"2016-05-13 17:29:01.10",375
"2016-05-13 17:29:01.11",375
"2016-05-13 17:29:01.12",375
"2016-05-13 17:29:01.13",375
"2016-05-13 17:29:01.14",375
"2016-05-13 17:29:01.15",375
"2016-05-13 17:29:01.16",375
"2016-05-13 17:29:01.17",375
"2016-05-13 17:29:01.18",375
"2016-05-13 17:29:01.19",375
"2016-05-13 17:29:01.20",375
"2016-05-13 17:29:01.21",375
"2016-05-13 17:29:01.22",375
"2016-05-13 17:29:01.23",375
"2016-05-13 17:29:01.24",375
"2016-05-13 17:29:01.25",375
"2016-05-13 17:29:01.26",375
"2016-05-13 17:29:01.27",375
"2016-05-13 17:29:01.28",375
"2016-05-13 17:29:01.29",375
"2016-05-13 17:29:01.30",375
"2016-05-13 17:29:01.31",375
"2016-05-13 17:29:01.32",375
"2016-05-13 17:29:01.33",375
"2016-05-13 17:29:01.34",375
"2016-05-13 17:29:01.35",375
"2016-05-13 17:29:01.36",375
"2016-05-13 17:29:01.37",375
"2016-05-13 17:29:01.38",375
"2016-05-13 17:29:01.39",375
"2016-05-13 17:29:01.40",375
"2016-05-13 17:29:01.41",375
"2016-05-13 17:29:01.42",375
"2016-05-13 17:29:01.43",375
"2016-05-13 17:29:01.44",375
"2016-05-13 17:29:01.45",375
"2016-05-13 17:29:01.46",375
"2016-05-13 17:29:01.47",375
"2016-05-13 17:29:01.48",375
"2016-05-13 17:29:01.49",375
"2016-05-13 17:29:01.50",375
"2016-05-13 17:29:01.51",375
"2016-05-13 17:29:01.52",375
"2016-05-13 17:29:01.53",375
"2016-05-13 17:29:01.54",375
"2016-05-13 17:29:01.55",375
"2016-05-13 17:29:01.56",375
"2016-05-13 17:29:01.57",375
"2016-05-13 17:29:01.58",375
"2016-05-13 17:29:01.59",375
"2016-05-13 17:29:01.60",375
"2016-05-13 17:29:01.61",375
"2016-05-13 17:29:01.62",375
"2016-05-13 17:29:01.63",375
"2016-05-13 17:29:01.64",375
"2016-05-13 17:29:01.65",375
"2016-05-13 17:29:01.66",375
"2016-05-13 17:29:01.67",375
"2016-05-13 17:29:01.68",375
"2016-05-13 17:29:01.69",375
"2016-05-13 17:29:01.70",375
"2016-05-13 17:29:01.71",375
"2016-05-13 17:29:01.72",375
"2016-05-13 17:29:01.73",375
"2016-05-13 17:29:01.74",375
"2016-05-13 17:29:01.75",375
"2016-05-13 17:29:01.76",375
"2016-05-13 17:29:01.77",375
"2016-05-13 17:29:01.78",375
"2016-05-13 17:29:01.79",375
"2016-05-13 17:29:01.80",375
"2016-05-13 17:29:01.81",375
"2016-05-13 17:29:01.82",375
"2016-05-13 17:29:01.83",375
"2016-05-13 17:29:01.84",375
"2016-05-13 17:29:01.85",375
"2016-05-13 17:29:01.86",375
"2016-05-13 17:29:01.87",375
"2016-05-13 17:29:01.88",375
"2016-05-13 17:29:01.89",375
"2016-05-13 17:29:01.90",375
"2016-05-13 17:29:01.91",375
"2016-05-13 17:29:01.92",375
"2016-05-13 17:29:01.93",375
"2016-05-13 17:29:01.94",375
"2016-05-13 17:29:01.95",375
"2016-05-13 17:29:01.96",375
"2016-05-13 17:29:01.97",375
"2016-05-13 17:29:01.98",375
"2016-05-13 17:29:01.99",375
"2016-05-13 17:29:02.00",375
"2016-05-13 17:29:02.01",375
"2016-05-13 17:29:02.02",375
"2016-05-13 17:29:02.03",375
"2016-05-13 17:29:02.04",375
"2016-05-13 17:29:02.05",375
"2016-05-13 17:29:02.06",375
"2016-05-13 17:29:02.07",375
"2016-05-13 17:29:02.08",375
"2016-05-13 17:29:02.09",375
"2016-05-13 17:29:02.10",375
"2016-05-13 17:29:02.11",375
"2016-05-13 17:29:02.12",375
"2016-05-13 17:29:02.13",375
"2016-05-13 17:29:02.14",375
"2016-05-13 17:29:02.15",375
"2016-05-13 17:29:02.16",375
"2016-05-13 17:29:02.17",375
"2016-05-13 17:29:02.18",375
"2016-05-13 17:29:02.19",375
"2016-05-13 17:29:02.20",375
"2016-05-13 17:29:02.21",375
"2016-05-13 17:29:02.22",375
"2016-05-13 17:29:02.23",375
"2016-05-13 17:29:02.24",375
"2016-05-13 17:29:02.25",375
"2016-05-13 17:29:02.26",375
"2016-05-13 17:29:02.27",375
"2016-05-13 17:29:02.28",375
"2016-05-13 17:29:02.29",375
"2016-05-13 17:29:02.30",375
"2016-05-13 17:29:02.31",375
"2016-05-13 17:29:02.32",375
"2016-05-13 17:29:02.33",375
"2016-05-13 17:29:02.34",375
"2016-05-13 17:29:02.35",375
"2016-05-13 17:29:02.36",375
"2016-05-13 17:29:02.37",375
"2016-05-13 17:29:02.38",375
"2016-05-13 17:29:02.39",375
"2016-05-13 17:29:02.40",375
"2016-05-13 17:29:02.41",375
"2016-05-13 17:29:02.42",375
"2016-05-13 17:29:02.43",375
"2016-05-13 17:29:02.44",375
"2016-05-13 17:29:02.45",375
"2016-05-13 17:29:02.46",375
"2016-05-13 17:29:02.47",375
"2016-05-13 17:29:02.48",375
"2016-05-13 17:29:02.49",375
"2016-05-13 17:29:02.50",375
"2016-05-13 17:29:02.51",375
"2016-05-13 17:29:02.52",375
"2016-05-13 17:29:02.53",375
"2016-05-13 17:29:02.54",375
"2016-05-13 17:29:02.55",375
"2016-05-13 17:29:02.56",375
"2016-05-13 17:29:02.57",375
"2016-05-13 17:29:02.58",375
"2016-05-13 17:29:02.59",375
"2016-05-13 17:29:02.60",375
"2016-05-13 17:29:02.61",375
"2016-05-13 17:29:02.62",375
"2016-05-13 17:29:02.63",375
"2016-05-13 17:29:02.64",375
"2016-05-13 17:29:02.65",375
"2016-05-13 17:29:02.66",375
"2016-05-13 17:29:02.67",375
"2016-05-13 17:29:02.68",375
"2016-05-13 17:29:02.69",375
"2016-05-13 17:29:02.70",375
"2016-05-13 17:29:02.71",375
"2016-05-13 17:29:02.72",375
"2016-05-13 17:29:02.73",375
"2016-05-13 17:29:02.74",375
"2016-05-13 17:29:02.75",375
"2016-05-13 17:29:02.76",375
"2016-05-13 17:29:02.77",375
"2016-05-13 17:29:02.78",375
"2016-05-13 17:29:02.79",375
"2016-05-13 17:29:02.80",375
"2016-05-13 17:29:02.81",375
"2016-05-13 17:29:02.82",375
"2016-05-13 17:29:02.83",375
"2016-05-13 17:29:02.84",375
"2016-05-13 17:29:02.85",375
"2016-05-13 17:29:02.86",375
"2016-05-13 17:29:02.87",375
"2016-05-13 17:29:02.88",375
"2016-05-13 17:29:02.89",375
"2016-05-13 17:29:02.90",375
"2016-05-13 17:29:02.91",375
"2016-05-13 17:29:02.92",375
"2016-05-13 17:29:02.93",375
"2016-05-13 17:29:02.94",375
"2016-05-13 17:29:02.95",375
"2016-05-13 17:29:02.96",375
"2016-05-13 17:29:02.97",375
"2016-05-13 17:29:02.98",375
"2016-05-13 17:29:02.99",375
"2016-05-13 17:29:03.00",375
"2016-05-13 17:29:03.01",375
"2016-05-13 17:29:03.02",375
"2016-05-13 17:29:03.03",375
"2016-05-13 17:29:03.04",375
"2016-05-13 17:29:03.05",375
"2016-05-13 17:29:03.06",375
"2016-05-13 17:29:03.07",375
"2016-05-13 17:29:03.08",375
"2016-05-13 17:29:03.09",375
"2016-05-13 17:29:03.10",375
"2016-05-13 17:29:03.11",375
"2016-05-13 17:29:03.12",375
"2016-05-13 17:29:03.13",375
"2016-05-13 17:29:03.14",375
"2016-05-13 17:29:03.15",375
"2016-05-13 17:29:03.16",375
"2016-05-13 17:29:03.17",375
"2016-05-13 17:29:03.18",375
"2016-05-13 17:29:03.19",375
"2016-05-13 17:29:03.20",375
"2016-05-13 17:29:03.21",375
"2016-05-13 17:29:03.22",375
"2016-05-13 17:29:03.23",375
"2016-05-13 17:29:03.24",375
"2016-05-13 17:29:03.25",375
"2016-05-13 17:29:03.26",375
"2016-05-13 17:29:03.27",375
"2016-05-13 17:29:03.28",375
"2016-05-13 17:29:03.29",375
"2016-05-13 17:29:03.30",375
"2016-05-13 17:29:03.31",375
"2016-05-13 17:29:03.32",375
"2016-05-13 17:29:03.33",375
"2016-05-13 17:29:03.34",375
"2016-05-13 17:29:03.35",375
"2016-05-13 17:29:03.36",375
"2016-05-13 17:29:03.37",375
"2016-05-13 17:29:03.38",375
"2016-05-13 17:29:03.39",375
"2016-05-13 17:29:03.40",375
"2016-05-13 17:29:03.41",375
"2016-05-13 17:29:03.42",375
"2016-05-13 17:29:03.43",375
"2016-05-13 17:29:03.44",375
"2016-05-13 17:29:03.45",375
"2016-05-13 17:29:03.46",375
"2016-05-13 17:29:03.47",375
"2016-05-13 17:29:03.48",375
"2016-05-13 17:29:03.49",375
"2016-05-13 17:29:03.50",375
"2016-05-13 17:29:03.51",375
"2016-05-13 17:29:03.52",375
"2016-05-13 17:29:03.53",375
"2016-05-13 17:29:03.54",375
"2016-05-13 17:29:03.55",375
"2016-05-13 17:29:03.56",375
"2016-05-13 17:29:03.57",375
"2016-05-13 17:29:03.58",375
"2016-05-13 17:29:03.59",375
"2016-05-13 17:29:03.60",375
"2016-05-13 17:29:03.61",375
"2016-05-13 17:29:03.62",375
"2016-05-13 17:29:03.63",375
"2016-05-13 17:29:03.64",375
"2016-05-13 17:29:03.65",375
"2016-05-13 17:29:03.66",375
"2016-05-13 17:29:03.67",375
"2016-05-13 17:29:03.68",375
"2016-05-13 17:29:03.69",375
"2016-05-13 17:29:03.70",375
"2016-05-13 17:29:03.71",375
"2016-05-13 17:29:03.72",375
"2016-05-13 17:29:03.73",375
"2016-05-13 17:29:03.74",375
"2016-05-13 17:29:03.75",375
"2016-05-13 17:29:03.76",375
"2016-05-13 17:29:03.77",375
"2016-05-13 17:29:03.78",375
"2016-05-13 17:29:03.79",375
"2016-05-13 17:29:03.80",375
"2016-05-13 17:29:03.81",375
"2016-05-13 17:29:03.82",375
"2016-05-13 17:29:03.83",375
"2016-05-13 17:29:03.84",375
"2016-05-13 17:29:03.85",375
"2016-05-13 17:29:03.86",375
"2016-05-13 17:29:03.87",375
"2016-05-13 17:29:03.88",375
"2016-05-13 17:29:03.89",375
"2016-05-13 17:29:03.90",375
"2016-05-13 17:29:03.91",375
"2016-05-13 17:29:03.92",375
"2016-05-13 17:29:03.93",375
"2016-05-13 17:29:03.94",375
"2016-05-13 17:29:03.95",375
"2016-05-13 17:29:03.96",375
"2016-05-13 17:29:03.97",375
"2016-05-13 17:29:03.98",375
"2016-05-13 17:29:03.99",375
"2016-05-13 17:29:04.00",375
"2016-05-13 17:29:04.01",375
"2016-05-13 17:29:04.02",375
"2016-05-13 17:29:04.03",375
"2016-05-13 17:29:04.04",375
"2016-05-13 17:29:04.05",375
"2016-05-13 17:29:04.06",375
"2016-05-13 17:29:04.07",375
"2016-05-13 17:29:04.08",375
"2016-05-13 17:29:04.09",375
"2016-05-13 17:29:04.10",10323
"2016-05-13 17:29:04.11",2086
"2016-05-13 17:29:04.12",700
"2016-05-13 17:29:04.13",261
"2016-05-13 17:29:04.14",341
"2016-05-13 17:29:04.15",452
"2016-05-13 17:29:04.16",375
"2016-05-13 17:29:04.17",319
"2016-05-13 17:29:04.18",239
"2016-05-13 17:29:04.19",73
"2016-05-13 17:29:04.20",196
"2016-05-13 17:29:04.21",563
"2016-05-13 17:29:04.22",103
"2016-05-13 17:29:04.23",256
"2016-05-13 17:29:04.24",277
"2016-05-13 17:29:04.25",268
"2016-05-13 17:29:04.26",483
"2016-05-13 17:29:04.27",209
"2016-05-13 17:29:04.28",259
"2016-05-13 17:29:04.29",171
"2016-05-13 17:29:04.30",213
"2016-05-13 17:29:04.31",242
"2016-05-13 17:29:04.32",230
"2016-05-13 17:29:04.33",217
"2016-05-13 17:29:04.34",77
"2016-05-13 17:29:04.35",81
"2016-05-13 17:29:04.36",90
"2016-05-13 17:29:04.37",216
"2016-05-13 17:29:04.38",307
"2016-05-13 17:29:04.39",85
"2016-05-13 17:29:04.40",200
"2016-05-13 17:29:04.41",153
"2016-05-13 17:29:04.42",107
"2016-05-13 17:29:04.43",77
"2016-05-13 17:29:04.44",201
"2016-05-13 17:29:04.45",199
"2016-05-13 17:29:04.46",26
"2016-05-13 17:29:04.47",13
"2016-05-13 17:29:04.48",94
"2016-05-13 17:29:04.49",218
"2016-05-13 17:29:04.50",60
"2016-05-13 17:29:04.51",281
"2016-05-13 17:29:04.52",12
"2016-05-13 17:29:04.53",260
"2016-05-13 17:29:04.54",230
"2016-05-13 17:29:04.55",4
"2016-05-13 17:29:04.56",226
"2016-05-13 17:29:04.57",21
"2016-05-13 17:29:04.58",12
"2016-05-13 17:29:04.59",0
"2016-05-13 17:29:04.60",120
"2016-05-13 17:29:04.61",102
"2016-05-13 17:29:04.62",252
"2016-05-13 17:29:04.63",61
"2016-05-13 17:29:04.64",90
"2016-05-13 17:29:04.65",82
"2016-05-13 17:29:04.66",124
"2016-05-13 17:29:04.67",68
"2016-05-13 17:29:04.68",158
"2016-05-13 17:29:04.69",9
"2016-05-13 17:29:04.70",34
"2016-05-13 17:29:04.71",145
"2016-05-13 17:29:04.72",123
"2016-05-13 17:29:04.73",315
"2016-05-13 17:29:04.74",427
"2016-05-13 17:29:04.75",244
"2016-05-13 17:29:04.76",205
"2016-05-13 17:29:04.77",175
"2016-05-13 17:29:04.78",80
"2016-05-13 17:29:04.79",80
"2016-05-13 17:29:04.80",80
"2016-05-13 17:29:04.81",80
"2016-05-13 17:29:04.82",80
"2016-05-13 17:29:04.83",80
"2016-05-13 17:29:04.84",80
"2016-05-13 17:29:04.85",80
"2016-05-13 17:29:04.86",80
"2016-05-13 17:29:04.87",80
"2016-05-13 17:29:04.88",80
"2016-05-13 17:29:04.89",80
"2016-05-13 17:29:04.90",80
"2016-05-13 17:29:04.91",80
"2016-05-13 17:29:04.92",80
"2016-05-13 17:29:04.93",80
"2016-05-13 17:29:04.94",80
"2016-05-13 17:29:04.95",80
"2016-05-13 17:29:04.96",80
"2016-05-13 17:29:04.97",80
"2016-05-13 17:29:04.98",80
"2016-05-13 17:29:04.99",80
"2016-05-13 17:29:05.00",80
"2016-05-13 17:29:05.01",80
"2016-05-13 17:29:05.02",80
"2016-05-13 17:29:05.03",80
"2016-05-13 17:29:05.04",80
"2016-05-13 17:29:05.05",80
"2016-05-13 17:29:05.06",80
"2016-05-13 17:29:05.07",80
"2016-05-13 17:29:05.08",80
"2016-05-13 17:29:05.09",80
"2016-05-13 17:29:05.10",80
"2016-05-13 17:29:05.11",80
"2016-05-13 17:29:05.12",80
"2016-05-13 17:29:05.13",80
"2016-05-13 17:29:05.14",80
"2016-05-13 17:29:05.15",80
"2016-05-13 17:29:05.16",80
"2016-05-13 17:29:05.17",80
"2016-05-13 17:29:05.18",80
"2016-05-13 17:29:05.19",80
"2016-05-13 17:29:05.20",80
"2016-05-13 17:29:05.21",80
"2016-05-13 17:29:05.22",80
"2016-05-13 17:29:05.23",80
"2016-05-13 17:29:05.24",80
"2016-05-13 17:29:05.25",80
"2016-05-13 17:29:05.26",80
"2016-05-13 17:29:05.27",80
"2016-05-13 17:29:05.28",80
"2016-05-13 17:29:05.29",80
"2016-05-13 17:29:05.30",80
"2016-05-13 17:29:05.31",80
"2016-05-13 17:29:05.32",80
"2016-05-13 17:29:05.33",80
"2016-05-13 17:29:05.34",80
"2016-05-13 17:29:05.35",80
"2016-05-13 17:29:05.36",80
"2016-05-13 17:29:05.37",80
"2016-05-13 17:29:05.38",80
"2016-05-13 17:29:05.39",80
"2016-05-13 17:29:05.40",80
"2016-05-13 17:29:05.41",80
"2016-05-13 17:29:05.42",80
"2016-05-13 17:29:05.43",80
"2016-05-13 17:29:05.44",80
"2016-05-13 17:29:05.45",80
"2016-05-13 17:29:05.46",80
"2016-05-13 17:29:05.47",80
"2016-05-13 17:29:05.48",80
"2016-05-13 17:29:05.49",80
"2016-05-13 17:29:05.50",80
"2016-05-13 17:29:05.51",80
"2016-05-13 17:29:05.52",80
"2016-05-13 17:29:05.53",80
"2016-05-13 17:29:05.54",80
"2016-05-13 17:29:05.55",80
"2016-05-13 17:29:05.56",80
"2016-05-13 17:29:05.57",80
"2016-05-13 17:29:05.58",80
"2016-05-13 17:29:05.59",80
"2016-05-13 17:29:05.60",80
"2016-05-13 17:29:05.61",80
"2016-05-13 17:29:05.62",80
"2016-05-13 17:29:05.63",80
"2016-05-13 17:29:05.64",80
"2016-05-13 17:29:05.65",80
"2016-05-13 17:29:05.66",80
"2016-05-13 17:29:05.67",80
"2016-05-13 17:29:05.68",80
"2016-05-13 17:29:05.69",80
"2016-05-13 17:29:05.70",80
"2016-05-13 17:29:05.71",80
"2016-05-13 17:29:05.72",80
"2016-05-13 17:29:05.73",80
"2016-05-13 17:29:05.74",80
"2016-05-13 17:29:05.75",80
"2016-05-13 17:29:05.76",80
"2016-05-13 17:29:05.77",80
"2016-05-13 17:29:05.78",80
"2016-05-13 17:29:05.79",80
"2016-05-13 17:29:05.80",80
"2016-05-13 17:29:05.81",80
"2016-05-13 17:29:05.82",80
"2016-05-13 17:29:05.83",80
"2016-05-13 17:29:05.84",80
"2016-05-13 17:29:05.85",80
"2016-05-13 17:29:05.86",80
"2016-05-13 17:29:05.87",80
"2016-05-13 17:29:05.88",80
"2016-05-13 17:29:05.89",80
"2016-05-13 17:29:05.90",80
"2016-05-13 17:29:05.91",80
"2016-05-13 17:29:05.92",80
"2016-05-13 17:29:05.93",80
"2016-05-13 17:29:05.94",80
"2016-05-13 17:29:05.95",80
"2016-05-13 17:29:05.96",80
"2016-05-13 17:29:05.97",80
"2016-05-13 17:29:05.98",80
"2016-05-13 17:29:05.99",80
"2016-05-13 17:29:06.00",80
"2016-05-13 17:29:06.01",80
"2016-05-13 17:29:06.02",80
"2016-05-13 17:29:06.03",80
"2016-05-13 17:29:06.04",80
"2016-05-13 17:29:06.05",80
"2016-05-13 17:29:06.06",80
"2016-05-13 17:29:06.07",80
"2016-05-13 17:29:06.08",80
"2016-05-13 17:29:06.09",80
"2016-05-13 17:29:06.10",80
"2016-05-13 17:29:06.11",80
"2016-05-13 17:29:06.12",80
"2016-05-13 17:29:06.13",80
"2016-05-13 17:29:06.14",80
"2016-05-13 17:29:06.15",80
"2016-05-13 17:29:06.16",80
"2016-05-13 17:29:06.17",80
"2016-05-13 17:29:06.18",80
"2016-05-13 17:29:06.19",80
"2016-05-13 17:29:06.20",80
"2016-05-13 17:29:06.21",80
"2016-05-13 17:29:06.22",80
"2016-05-13 17:29:06.23",80
"2016-05-13 17:29:06.24",80
"2016-05-13 17:29:06.25",80
"2016-05-13 17:29:06.26",80
"2016-05-13 17:29:06.27",80
"2016-05-13 17:29:06.28",80
"2016-05-13 17:29:06.29",80
"2016-05-13 17:29:06.30",80
"2016-05-13 17:29:06.31",80
"2016-05-13 17:29:06.32",80
"2016-05-13 17:29:06.33",80
"2016-05-13 17:29:06.34",80
"2016-05-13 17:29:06.35",80
"2016-05-13 17:29:06.36",80
"2016-05-13 17:29:06.37",80
"2016-05-13 17:29:06.38",80
"2016-05-13 17:29:06.39",80
"2016-05-13 17:29:06.40",80
"2016-05-13 17:29:06.41",80
"2016-05-13 17:29:06.42",80
"2016-05-13 17:29:06.43",80
"2016-05-13 17:29:06.44",80
"2016-05-13 17:29:06.45",80
"2016-05-13 17:29:06.46",80
"2016-05-13 17:29:06.47",80
"2016-05-13 17:29:06.48",80
"2016-05-13 17:29:06.49",80
"2016-05-13 17:29:06.50",80
"2016-05-13 17:29:06.51",80
"2016-05-13 17:29:06.52",80
"2016-05-13 17:29:06.53",80
"2016-05-13 17:29:06.54",80
"2016-05-13 17:29:06.55",80
"2016-05-13 17:29:06.56",80
"2016-05-13 17:29:06.57",80
"2016-05-13 17:29:06.58",80
"2016-05-13 17:29:06.59",80
"2016-05-13 17:29:06.60",80
"2016-05-13 17:29:06.61",80
"2016-05-13 17:29:06.62",80
"2016-05-13 17:29:06.63",80
"2016-05-13 17:29:06.64",80
"2016-05-13 17:29:06.65",80
"2016-05-13 17:29:06.66",80
"2016-05-13 17:29:06.67",80
"2016-05-13 17:29:06.68",80
"2016-05-13 17:29:06.69",80
"2016-05-13 17:29:06.70",80
"2016-05-13 17:29:06.71",80
"2016-05-13 17:29:06.72",80
"2016-05-13 17:29:06.73",80
"2016-05-13 17:29:06.74",80
"2016-05-13 17:29:06.75",80
"2016-05-13 17:29:06.76",80
"2016-05-13 17:29:06.77",80
"2016-05-13 17:29:06.78",80
"2016-05-13 17:29:06.79",80
"2016-05-13 17:29:06.80",80
"2016-05-13 17:29:06.81",80
"2016-05-13 17:29:06.82",80
"2016-05-13 17:29:06.83",80
"2016-05-13 17:29:06.84",80
"2016-05-13 17:29:06.85",80
"2016-05-13 17:29:06.86",80
"2016-05-13 17:29:06.87",80
"2016-05-13 17:29:06.88",80
"2016-05-13 17:29:06.89",80
"2016-05-13 17:29:06.90",80
"2016-05-13 17:29:06.91",80
"2016-05-13 17:29:06.92",80
"2016-05-13 17:29:06.93",80
"2016-05-13 17:29:06.94",80
"2016-05-13 17:29:06.95",80
"2016-05-13 17:29:06.96",80
"2016-05-13 17:29:06.97",80
"2016-05-13 17:29:06.98",80
"2016-05-13 17:29:06.99",80
"2016-05-13 17:29:07.00",80
"2016-05-13 17:29:07.01",80
"2016-05-13 17:29:07.02",80
"2016-05-13 17:29:07.03",80
"2016-05-13 17:29:07.04",80
"2016-05-13 17:29:07.05",80
"2016-05-13 17:29:07.06",80
"2016-05-13 17:29:07.07",80
"2016-05-13 17:29:07.08",80
"2016-05-13 17:29:07.09",80
"2016-05-13 17:29:07.10",80
"2016-05-13 17:29:07.11",80
"2016-05-13 17:29:07.12",80
"2016-05-13 17:29:07.13",80
"2016-05-13 17:29:07.14",80
"2016-05-13 17:29:07.15",80
"2016-05-13 17:29:07.16",80
"2016-05-13 17:29:07.17",80
"2016-05-13 17:29:07.18",80
"2016-05-13 17:29:07.19",80
"2016-05-13 17:29:07.20",80
"2016-05-13 17:29:07.21",80
"2016-05-13 17:29:07.22",80
"2016-05-13 17:29:07.23",80
"2016-05-13 17:29:07.24",80
"2016-05-13 17:29:07.25",80
"2016-05-13 17:29:07.26",80
"2016-05-13 17:29:07.27",80
"2016-05-13 17:29:07.28",80
"2016-05-13 17:29:07.29",80
"2016-05-13 17:29:07.30",80
"2016-05-13 17:29:07.31",80
"2016-05-13 17:29:07.32",80
"2016-05-13 17:29:07.33",80
"2016-05-13 17:29:07.34",80
"2016-05-13 17:29:07.35",80
"2016-05-13 17:29:07.36",80
"2016-05-13 17:29:07.37",80
"2016-05-13 17:29:07.38",80
"2016-05-13 17:29:07.39",80
"2016-05-13 17:29:07.40",80
"2016-05-13 17:29:07.41",80
"2016-05-13 17:29:07.42",80
"2016-05-13 17:29:07.43",80
"2016-05-13 17:29:07.44",80
"2016-05-13 17:29:07.45",80
"2016-05-13 17:29:07.46",80
"2016-05-13 17:29:07.47",80
"2016-05-13 17:29:07.48",80
"2016-05-13 17:29:07.49",80
"2016-05-13 17:29:07.50",80
"2016-05-13 17:29:07.51",80
"2016-05-13 17:29:07.52",80
"2016-05-13 17:29:07.53",80
"2016-05-13 17:29:07.54",80
"2016-05-13 17:29:07.55",80
"2016-05-13 17:29:07.56",80
"2016-05-13 17:29:07.57",80
"2016-05-13 17:29:07.58",80
"2016-05-13 17:29:07.59",80
"2016-05-13 17:29:07.60",80
"2016-05-13 17:29:07.61",80
"2016-05-13 17:29:07.62",80
"2016-05-13 17:29:07.63",80
"2016-05-13 17:29:07.64",80
"2016-05-13 17:29:07.65",80
"2016-05-13 17:29:07.66",80
"2016-05-13 17:29:07.67",80
"2016-05-13 17:29:07.68",80
"2016-05-13 17:29:07.69",80
"2016-05-13 17:29:07.70",80
"2016-05-13 17:29:07.71",80
"2016-05-13 17:29:07.72",80
"2016-05-13 17:29:07.73",80
"2016-05-13 17:29:07.74",80
"2016-05-13 17:29:07.75",80
"2016-05-13 17:29:07.76",80
"2016-05-13 17:29:07.77",80
"2016-05-13 17:29:07.78",80
"2016-05-13 17:29:07.79",80
"2016-05-13 17:29:07.80",80
"2016-05-13 17:29:07.81",80
"2016-05-13 17:29:07.82",80
"2016-05-13 17:29:07.83",80
"2016-05-13 17:29:07.84",80
"2016-05-13 17:29:07.85",80
"2016-05-13 17:29:07.86",80
"2016-05-13 17:29:07.87",80
"2016-05-13 17:29:07.88",80
"2016-05-13 17:29:07.89",80
"2016-05-13 17:29:07.90",80
"2016-05-13 17:29:07.91",80
"2016-05-13 17:29:07.92",80
"2016-05-13 17:29:07.93",80
"2016-05-13 17:29:07.94",80
"2016-05-13 17:29:07.95",80
"2016-05-13 17:29:07.96",80
"2016-05-13 17:29:07.97",80
"2016-05-13 17:29:07.98",80
"2016-05-13 17:29:07.99",80
"2016-05-13 17:29:08.00",80
"2016-05-13 17:29:08.01",80
"2016-05-13 17:29:08.02",80
"2016-05-13 17:29:08.03",80
"2016-05-13 17:29:08.04",80
"2016-05-13 17:29:08.05",80
"2016-05-13 17:29:08.06",80
"2016-05-13 17:29:08.07",80
"2016-05-13 17:29:08.08",80
"2016-05-13 17:29:08.09",80
"2016-05-13 17:29:08.10",80
"2016-05-13 17:29:08.11",80
"2016-05-13 17:29:08.12",80
"2016-05-13 17:29:08.13",80
"2016-05-13 17:29:08.14",80
"2016-05-13 17:29:08.15",80
"2016-05-13 17:29:08.16",80
"2016-05-13 17:29:08.17",80
"2016-05-13 17:29:08.18",9738
"2016-05-13 17:29:08.19",2518
"2016-05-13 17:29:08.20",1297
"2016-05-13 17:29:08.21",1306
"2016-05-13 17:29:08.22",1289
"2016-05-13 17:29:08.23",1100
"2016-05-13 17:29:08.24",1003
"2016-05-13 17:29:08.25",1079
"2016-05-13 17:29:08.26",1087
"2016-05-13 17:29:08.27",1177
"2016-05-13 17:29:08.28",1361
"2016-05-13 17:29:08.29",1373
"2016-05-13 17:29:08.30",1216
"2016-05-13 17:29:08.31",1229
"2016-05-13 17:29:08.32",1331
"2016-05-13 17:29:08.33",960
"2016-05-13 17:29:08.34",1170
"2016-05-13 17:29:08.35",1447
"2016-05-13 17:29:08.36",1403
"2016-05-13 17:29:08.37",1254
"2016-05-13 17:29:08.38",1062
"2016-05-13 17:29:08.39",1130
"2016-05-13 17:29:08.40",1229
"2016-05-13 17:29:08.41",1143
"2016-05-13 17:29:08.42",1335
"2016-05-13 17:29:08.43",1151
"2016-05-13 17:29:08.44",1284
"2016-05-13 17:29:08.45",1484
"2016-05-13 17:29:08.46",1421
"2016-05-13 17:29:08.47",1505
"2016-05-13 17:29:08.48",1468
"2016-05-13 17:29:08.49",1181
"2016-05-13 17:29:08.50",1510
"2016-05-13 17:29:08.51",1236
"2016-05-13 17:29:08.52",1467
"2016-05-13 17:29:08.53",1711
"2016-05-13 17:29:08.54",1545
"2016-05-13 17:29:08.55",1433
"2016-05-13 17:29:08.56",1272
"2016-05-13 17:29:08.57",1463
"2016-05-13 17:29:08.58",1310
"2016-05-13 17:29:08.59",1284
"2016-05-13 17:29:08.60",1395
"2016-05-13 17:29:08.61",1331
"2016-05-13 17:29:08.62",1314
"2016-05-13 17:29:08.63",1242
"2016-05-13 17:29:08.64",1438
"2016-05-13 17:29:08.65",1383
"2016-05-13 17:29:08.66",1412
"2016-05-13 17:29:08.67",1135
"2016-05-13 17:29:08.68",1322
"2016-05-13 17:29:08.69",1561
"2016-05-13 17:29:08.70",1220
"2016-05-13 17:29:08.71",1468
"2016-05-13 17:29:08.72",1331
"2016-05-13 17:29:08.73",1471
"2016-05-13 17:29:08.74",1467
"2016-05-13 17:29:08.75",1684
"2016-05-13 17:29:08.76",1677
"2016-05-13 17:29:08.77",1620
"2016-05-13 17:29:08.78",1502
"2016-05-13 17:29:08.79",1323
"2016-05-13 17:29:08.80",1361
"2016-05-13 17:29:08.81",1348
"2016-05-13 17:29:08.82",1113
"2016-05-13 17:29:08.83",1259
"2016-05-13 17:29:08.84",1275
"2016-05-13 17:29:08.85",1173
"2016-05-13 17:29:08.86",1173
"2016-05-13 17:29:08.87",1173
"2016-05-13 17:29:08.88",1173
"2016-05-13 17:29:08.89",1173
"2016-05-13 17:29:08.90",1173
"2016-05-13 17:29:08.91",1173
"2016-05-13 17:29:08.92",1173
"2016-05-13 17:29:08.93",1173
"2016-05-13 17:29:08.94",1173
"2016-05-13 17:29:08.95",1173
"2016-05-13 17:29:08.96",1173
"2016-05-13 17:29:08.97",1173
"2016-05-13 17:29:08.98",1173
"2016-05-13 17:29:08.99",1173
"2016-05-13 17:29:09.00",1173
"2016-05-13 17:29:09.01",1173
"2016-05-13 17:29:09.02",1173
"2016-05-13 17:29:09.03",1173
"2016-05-13 17:29:09.04",1173
"2016-05-13 17:29:09.05",1173
"2016-05-13 17:29:09.06",1173
"2016-05-13 17:29:09.07",1173
"2016-05-13 17:29:09.08",1173
"2016-05-13 17:29:09.09",1173
"2016-05-13 17:29:09.10",1173
"2016-05-13 17:29:09.11",1173
"2016-05-13 17:29:09.12",1173
"2016-05-13 17:29:09.13",1173
"2016-05-13 17:29:09.14",1173
"2016-05-13 17:29:09.15",1173
"2016-05-13 17:29:09.16",1173
"2016-05-13 17:29:09.17",1173
"2016-05-13 17:29:09.18",1173
"2016-05-13 17:29:09.19",1173
"2016-05-13 17:29:09.20",1173
"2016-05-13 17:29:09.21",1173
"2016-05-13 17:29:09.22",1173
"2016-05-13 17:29:09.23",1173
"2016-05-13 17:29:09.24",1173
"2016-05-13 17:29:09.25",1173
"2016-05-13 17:29:09.26",1173
"2016-05-13 17:29:09.27",1173
"2016-05-13 17:29:09.28",1173
"2016-05-13 17:29:09.29",1173
"2016-05-13 17:29:09.30",1173
"2016-05-13 17:29:09.31",1173
"2016-05-13 17:29:09.32",1173
"2016-05-13 17:29:09.33",1173
"2016-05-13 17:29:09.34",1173
"2016-05-13 17:29:09.35",1173
"2016-05-13 17:29:09.36",1173
"2016-05-13 17:29:09.37",1173
"2016-05-13 17:29:09.38",1173
"2016-05-13 17:29:09.39",1173
"2016-05-13 17:29:09.40",1173
"2016-05-13 17:29:09.41",1173
"2016-05-13 17:29:09.42",1173
"2016-05-13 17:29:09.43",1173
"2016-05-13 17:29:09.44",1173
"2016-05-13 17:29:09.45",1173
"2016-05-13 17:29:09.46",1173
"2016-05-13 17:29:09.47",1173
"2016-05-13 17:29:09.48",1173
"2016-05-13 17:29:09.49",1173
"2016-05-13 17:29:09.50",1173
"2016-05-13 17:29:09.51",1173
"2016-05-13 17:29:09.52",1173
"2016-05-13 17:29:09.53",1173
"2016-05-13 17:29:09.54",1173
"2016-05-13 17:29:09.55",1173
"2016-05-13 17:29:09.56",1173
"2016-05-13 17:29:09.57",1173
"2016-05-13 17:29:09.58",1173
"2016-05-13 17:29:09.59",1173
"2016-05-13 17:29:09.60",1173
"2016-05-13 17:29:09.61",1173
"2016-05-13 17:29:09.62",1173
"2016-05-13 17:29:09.63",1173
"2016-05-13 17:29:09.64",1173
"2016-05-13 17:29:09.65",1173
"2016-05-13 17:29:09.66",1173
"2016-05-13 17:29:09.67",1173
"2016-05-13 17:29:09.68",1173
"2016-05-13 17:29:09.69",1173
"2016-05-13 17:29:09.70",1173
"2016-05-13 17:29:09.71",1173
"2016-05-13 17:29:09.72",1173
"2016-05-13 17:29:09.73",1173
"2016-05-13 17:29:09.74",1173
"2016-05-13 17:29:09.75",1173
"2016-05-13 17:29:09.76",1173
"2016-05-13 17:29:09.77",1173
"2016-05-13 17:29:09.78",1173
"2016-05-13 17:29:09.79",1173
"2016-05-13 17:29:09.80",1173
"2016-05-13 17:29:09.81",1173
"2016-05-13 17:29:09.82",1173
"2016-05-13 17:29:09.83",1173
"2016-05-13 17:29:09.84",1173
"2016-05-13 17:29:09.85",1173
"2016-05-13 17:29:09.86",1173
"2016-05-13 17:29:09.87",1173
"2016-05-13 17:29:09.88",1173
"2016-05-13 17:29:09.89",1173
"2016-05-13 17:29:09.90",1173
"2016-05-13 17:29:09.91",1173
"2016-05-13 17:29:09.92",1173
"2016-05-13 17:29:09.93",1173
"2016-05-13 17:29:09.94",1173
"2016-05-13 17:29:09.95",1173
"2016-05-13 17:29:09.96",1173
"2016-05-13 17:29:09.97",1173
"2016-05-13 17:29:09.98",1173
"2016-05-13 17:29:09.99",1173
"2016-05-13 17:29:10.00",1173
"2016-05-13 17:29:10.01",1173
"2016-05-13 17:29:10.02",1173
"2016-05-13 17:29:10.03",1173
"2016-05-13 17:29:10.04",1173
"2016-05-13 17:29:10.05",1173
"2016-05-13 17:29:10.06",1173
"2016-05-13 17:29:10.07",1173
"2016-05-13 17:29:10.08",1173
"2016-05-13 17:29:10.09",1173
"2016-05-13 17:29:10.10",1173
"2016-05-13 17:29:10.11",1173
"2016-05-13 17:29:10.12",1173
"2016-05-13 17:29:10.13",1173
"2016-05-13 17:29:10.14",1173
"2016-05-13 17:29:10.15",1173
"2016-05-13 17:29:10.16",1173
"2016-05-13 17:29:10.17",1173
"2016-05-13 17:29:10.18",1173
"2016-05-13 17:29:10.19",1173
"2016-05-13 17:29:10.20",1173
"2016-05-13 17:29:10.21",1173
"2016-05-13 17:29:10.22",1173
"2016-05-13 17:29:10.23",1173
"2016-05-13 17:29:10.24",1173
"2016-05-13 17:29:10.25",1173
"2016-05-13 17:29:10.26",1173
"2016-05-13 17:29:10.27",1173
"2016-05-13 17:29:10.28",1173
"2016-05-13 17:29:10.29",1173
"2016-05-13 17:29:10.30",1173
"2016-05-13 17:29:10.31",1173
"2016-05-13 17:29:10.32",1173
"2016-05-13 17:29:10.33",1173
"2016-05-13 17:29:10.34",1173
"2016-05-13 17:29:10.35",1173
"2016-05-13 17:29:10.36",1173
"2016-05-13 17:29:10.37",1173
"2016-05-13 17:29:10.38",1173
"2016-05-13 17:29:10.39",1173
"2016-05-13 17:29:10.40",1173
"2016-05-13 17:29:10.41",1173
"2016-05-13 17:29:10.42",1173
"2016-05-13 17:29:10.43",1173
"2016-05-13 17:29:10.44",1173
"2016-05-13 17:29:10.45",1173
"2016-05-13 17:29:10.46",1173
"2016-05-13 17:29:10.47",1173
"2016-05-13 17:29:10.48",1173
"2016-05-13 17:29:10.49",1173
"2016-05-13 17:29:10.50",1173
"2016-05-13 17:29:10.51",1173
"2016-05-13 17:29:10.52",1173
"2016-05-13 17:29:10.53",1173
"2016-05-13 17:29:10.54",1173
"2016-05-13 17:29:10.55",1173
"2016-05-13 17:29:10.56",1173
"2016-05-13 17:29:10.57",1173
"2016-05-13 17:29:10.58",1173
"2016-05-13 17:29:10.59",1173
"2016-05-13 17:29:10.60",1173
"2016-05-13 17:29:10.61",1173
"2016-05-13 17:29:10.62",1173
"2016-05-13 17:29:10.63",1173
"2016-05-13 17:29:10.64",1173
"2016-05-13 17:29:10.65",1173
"2016-05-13 17:29:10.66",1173
"2016-05-13 17:29:10.67",1173
"2016-05-13 17:29:10.68",1173
"2016-05-13 17:29:10.69",1173
"2016-05-13 17:29:10.70",1173
"2016-05-13 17:29:10.71",1173
"2016-05-13 17:29:10.72",1173
"2016-05-13 17:29:10.73",1173
"2016-05-13 17:29:10.74",1173
"2016-05-13 17:29:10.75",1173
"2016-05-13 17:29:10.76",1173
"2016-05-13 17:29:10.77",1173
"2016-05-13 17:29:10.78",1173
"2016-05-13 17:29:10.79",1173
"2016-05-13 17:29:10.80",1173
"2016-05-13 17:29:10.81",1173
"2016-05-13 17:29:10.82",1173
"2016-05-13 17:29:10.83",1173
"2016-05-13 17:29:10.84",1173
"2016-05-13 17:29:10.85",1173
"2016-05-13 17:29:10.86",1173
"2016-05-13 17:29:10.87",1173
"2016-05-13 17:29:10.88",1173
"2016-05-13 17:29:10.89",1173
"2016-05-13 17:29:10.90",1173
"2016-05-13 17:29:10.91",1173
"2016-05-13 17:29:10.92",1173
"2016-05-13 17:29:10.93",1173
"2016-05-13 17:29:10.94",1173
"2016-05-13 17:29:10.95",1173
"2016-05-13 17:29:10.96",1173
"2016-05-13 17:29:10.97",1173
"2016-05-13 17:29:10.98",1173
"2016-05-13 17:29:10.99",1173
"2016-05-13 17:29:11.00",1173
"2016-05-13 17:29:11.01",1173
"2016-05-13 17:29:11.02",1173
"2016-05-13 17:29:11.03",1173
"2016-05-13 17:29:11.04",1173
"2016-05-13 17:29:11.05",1173
"2016-05-13 17:29:11.06",1173
"2016-05-13 17:29:11.07",1173
"2016-05-13 17:29:11.08",1173
"2016-05-13 17:29:11.09",1173
"2016-05-13 17:29:11.10",1173
"2016-05-13 17:29:11.11",1173
"2016-05-13 17:29:11.12",1173
"2016-05-13 17:29:11.13",1173
"2016-05-13 17:29:11.14",1173
"2016-05-13 17:29:11.15",1173
"2016-05-13 17:29:11.16",1173
"2016-05-13 17:29:11.17",1173
"2016-05-13 17:29:11.18",1173
"2016-05-13 17:29:11.19",1173
"2016-05-13 17:29:11.20",1173
"2016-05-13 17:29:11.21",1173
"2016-05-13 17:29:11.22",1173
"2016-05-13 17:29:11.23",1173
"2016-05-13 17:29:11.24",1173
"2016-05-13 17:29:11.25",1173
"2016-05-13 17:29:11.26",1173
"2016-05-13 17:29:11.27",1173
"2016-05-13 17:29:11.28",1173
"2016-05-13 17:29:11.29",1173
"2016-05-13 17:29:11.30",1173
"2016-05-13 17:29:11.31",1173
"2016-05-13 17:29:11.32",1173
"2016-05-13 17:29:11.33",1173
"2016-05-13 17:29:11.34",1173
"2016-05-13 17:29:11.35",1173
"2016-05-13 17:29:11.36",1173
"2016-05-13 17:29:11.37",1173
"2016-05-13 17:29:11.38",1173
"2016-05-13 17:29:11.39",1173
"2016-05-13 17:29:11.40",1173
"2016-05-13 17:29:11.41",1173
"2016-05-13 17:29:11.42",1173
"2016-05-13 17:29:11.43",1173
"2016-05-13 17:29:11.44",1173
"2016-05-13 17:29:11.45",1173
"2016-05-13 17:29:11.46",1173
"2016-05-13 17:29:11.47",1173
"2016-05-13 17:29:11.48",1173
"2016-05-13 17:29:11.49",1173
"2016-05-13 17:29:11.50",1173
"2016-05-13 17:29:11.51",1173
"2016-05-13 17:29:11.52",1173
"2016-05-13 17:29:11.53",1173
"2016-05-13 17:29:11.54",1173
"2016-05-13 17:29:11.55",1173
"2016-05-13 17:29:11.56",1173
"2016-05-13 17:29:11.57",1173
"2016-05-13 17:29:11.58",1173
"2016-05-13 17:29:11.59",1173
"2016-05-13 17:29:11.60",1173
"2016-05-13 17:29:11.61",1173
"2016-05-13 17:29:11.62",1173
"2016-05-13 17:29:11.63",1173
"2016-05-13 17:29:11.64",1173
"2016-05-13 17:29:11.65",1173
"2016-05-13 17:29:11.66",1173
"2016-05-13 17:29:11.67",1173
"2016-05-13 17:29:11.68",1173
"2016-05-13 17:29:11.69",1173
"2016-05-13 17:29:11.70",1173
"2016-05-13 17:29:11.71",1173
"2016-05-13 17:29:11.72",1173
"2016-05-13 17:29:11.73",1173
"2016-05-13 17:29:11.74",1173
"2016-05-13 17:29:11.75",1173
"2016-05-13 17:29:11.76",1173
"2016-05-13 17:29:11.77",1173
"2016-05-13 17:29:11.78",1173
"2016-05-13 17:29:11.79",1173
"2016-05-13 17:29:11.80",1173
"2016-05-13 17:29:11.81",1173
"2016-05-13 17:29:11.82",1173
"2016-05-13 17:29:11.83",1173
"2016-05-13 17:29:11.84",1173
"2016-05-13 17:29:11.85",1173
"2016-05-13 17:29:11.86",1173
"2016-05-13 17:29:11.87",1173
"2016-05-13 17:29:11.88",1173
"2016-05-13 17:29:11.89",1173
"2016-05-13 17:29:11.90",1173
"2016-05-13 17:29:11.91",1173
"2016-05-13 17:29:11.92",1173
"2016-05-13 17:29:11.93",1173
"2016-05-13 17:29:11.94",1173
"2016-05-13 17:29:11.95",1173
"2016-05-13 17:29:11.96",1173
"2016-05-13 17:29:11.97",1173
"2016-05-13 17:29:11.98",1173
"2016-05-13 17:29:11.99",1173
"2016-05-13 17:29:12.00",1173
"2016-05-13 17:29:12.01",1173
"2016-05-13 17:29:12.02",1173
"2016-05-13 17:29:12.03",1173
"2016-05-13 17:29:12.04",1173
"2016-05-13 17:29:12.05",1173
"2016-05-13 17:29:12.06",1173
"2016-05-13 17:29:12.07",1173
"2016-05-13 17:29:12.08",1173
"2016-05-13 17:29:12.09",1173
"2016-05-13 17:29:12.10",1173
"2016-05-13 17:29:12.11",1173
"2016-05-13 17:29:12.12",1173
"2016-05-13 17:29:12.13",1173
"2016-05-13 17:29:12.14",1173
"2016-05-13 17:29:12.15",1173
"2016-05-13 17:29:12.16",1173
"2016-05-13 17:29:12.17",1173
"2016-05-13 17:29:12.18",1173
"2016-05-13 17:29:12.19",1173
"2016-05-13 17:29:12.20",1173
"2016-05-13 17:29:12.21",1173
"2016-05-13 17:29:12.22",1173
"2016-05-13 17:29:12.23",1173
"2016-05-13 17:29:12.24",1173
"2016-05-13 17:29:12.25",348917
"2016-05-13 17:29:12.26",63310
"2016-05-13 17:29:12.27",11316
"2016-05-13 17:29:12.28",2005
"2016-05-13 17:29:12.29",453
"2016-05-13 17:29:12.30",17
"2016-05-13 17:29:12.31",26
"2016-05-13 17:29:12.32",26
"2016-05-13 17:29:12.33",39
"2016-05-13 17:29:12.34",39
"2016-05-13 17:29:12.35",64
"2016-05-13 17:29:12.36",142
"2016-05-13 17:29:12.37",64
"2016-05-13 17:29:12.38",21
"2016-05-13 17:29:12.39",124
"2016-05-13 17:29:12.40",17
"2016-05-13 17:29:12.41",52
"2016-05-13 17:29:12.42",13
"2016-05-13 17:29:12.43",89
"2016-05-13 17:29:12.44",4
"2016-05-13 17:29:12.45",60
"2016-05-13 17:29:12.46",114
"2016-05-13 17:29:12.47",34
"2016-05-13 17:29:12.48",63
"2016-05-13 17:29:12.49",13
"2016-05-13 17:29:12.50",12
"2016-05-13 17:29:12.51",51
"2016-05-13 17:29:12.52",22
"2016-05-13 17:29:12.53",25
"2016-05-13 17:29:12.54",4
"2016-05-13 17:29:12.55",124
"2016-05-13 17:29:12.56",150
"2016-05-13 17:29:12.57",46
"2016-05-13 17:29:12.58",68
"2016-05-13 17:29:12.59",150
"2016-05-13 17:29:12.60",55
"2016-05-13 17:29:12.61",69
"2016-05-13 17:29:12.62",38
"2016-05-13 17:29:12.63",44
"2016-05-13 17:29:12.64",34
"2016-05-13 17:29:12.65",86
"2016-05-13 17:29:12.66",73
"2016-05-13 17:29:12.67",55
"2016-05-13 17:29:12.68",68
"2016-05-13 17:29:12.69",42
"2016-05-13 17:29:12.70",102
"2016-05-13 17:29:12.71",44
"2016-05-13 17:29:12.72",14
"2016-05-13 17:29:12.73",85
"2016-05-13 17:29:12.74",17
"2016-05-13 17:29:12.75",42
"2016-05-13 17:29:12.76",127
"2016-05-13 17:29:12.77",52
"2016-05-13 17:29:12.78",64
"2016-05-13 17:29:12.79",25
"2016-05-13 17:29:12.80",17
"2016-05-13 17:29:12.81",0
"2016-05-13 17:29:12.82",110
"2016-05-13 17:29:12.83",4
"2016-05-13 17:29:12.84",30
"2016-05-13 17:29:12.85",201
"2016-05-13 17:29:12.86",64
"2016-05-13 17:29:12.87",103
"2016-05-13 17:29:12.88",77
"2016-05-13 17:29:12.89",13
"2016-05-13 17:29:12.90",34
"2016-05-13 17:29:12.91",44
"2016-05-13 17:29:12.92",55
"2016-05-13 17:29:12.93",196
"2016-05-13 17:29:12.94",196
"2016-05-13 17:29:12.95",196
"2016-05-13 17:29:12.96",196
"2016-05-13 17:29:12.97",196
"2016-05-13 17:29:12.98",196
"2016-05-13 17:29:12.99",196
"2016-05-13 17:29:13.00",196
"2016-05-13 17:29:13.01",196
"2016-05-13 17:29:13.02",196
"2016-05-13 17:29:13.03",196
"2016-05-13 17:29:13.04",196
"2016-05-13 17:29:13.05",196
"2016-05-13 17:29:13.06",196
"2016-05-13 17:29:13.07",196
"2016-05-13 17:29:13.08",196
"2016-05-13 17:29:13.09",196
"2016-05-13 17:29:13.10",196
"2016-05-13 17:29:13.11",196
"2016-05-13 17:29:13.12",196
"2016-05-13 17:29:13.13",196
"2016-05-13 17:29:13.14",196
"2016-05-13 17:29:13.15",196
"2016-05-13 17:29:13.16",196
"2016-05-13 17:29:13.17",196
"2016-05-13 17:29:13.18",196
"2016-05-13 17:29:13.19",196
"2016-05-13 17:29:13.20",196
"2016-05-13 17:29:13.21",196
"2016-05-13 17:29:13.22",196
"2016-05-13 17:29:13.23",196
"2016-05-13 17:29:13.24",196
"2016-05-13 17:29:13.25",196
"2016-05-13 17:29:13.26",196
"2016-05-13 17:29:13.27",196
"2016-05-13 17:29:13.28",196
"2016-05-13 17:29:13.29",196
"2016-05-13 17:29:13.30",196
"2016-05-13 17:29:13.31",196
"2016-05-13 17:29:13.32",196
"2016-05-13 17:29:13.33",196
"2016-05-13 17:29:13.34",196
"2016-05-13 17:29:13.35",196
"2016-05-13 17:29:13.36",196
"2016-05-13 17:29:13.37",196
"2016-05-13 17:29:13.38",196
"2016-05-13 17:29:13.39",196
"2016-05-13 17:29:13.40",196
"2016-05-13 17:29:13.41",196
"2016-05-13 17:29:13.42",196
"2016-05-13 17:29:13.43",196
"2016-05-13 17:29:13.44",196
"2016-05-13 17:29:13.45",196
"2016-05-13 17:29:13.46",196
"2016-05-13 17:29:13.47",196
"2016-05-13 17:29:13.48",196
"2016-05-13 17:29:13.49",196
"2016-05-13 17:29:13.50",196
"2016-05-13 17:29:13.51",196
"2016-05-13 17:29:13.52",196
"2016-05-13 17:29:13.53",196
"2016-05-13 17:29:13.54",196
"2016-05-13 17:29:13.55",196
"2016-05-13 17:29:13.56",196
"2016-05-13 17:29:13.57",196
"2016-05-13 17:29:13.58",196
"2016-05-13 17:29:13.59",196
"2016-05-13 17:29:13.60",196
"2016-05-13 17:29:13.61",196
"2016-05-13 17:29:13.62",196
"2016-05-13 17:29:13.63",196
"2016-05-13 17:29:13.64",196
"2016-05-13 17:29:13.65",196
"2016-05-13 17:29:13.66",196
"2016-05-13 17:29:13.67",196
"2016-05-13 17:29:13.68",196
"2016-05-13 17:29:13.69",196
"2016-05-13 17:29:13.70",196
"2016-05-13 17:29:13.71",196
"2016-05-13 17:29:13.72",196
"2016-05-13 17:29:13.73",196
"2016-05-13 17:29:13.74",196
"2016-05-13 17:29:13.75",196
"2016-05-13 17:29:13.76",196
"2016-05-13 17:29:13.77",196
"2016-05-13 17:29:13.78",196
"2016-05-13 17:29:13.79",196
"2016-05-13 17:29:13.80",196
"2016-05-13 17:29:13.81",196
"2016-05-13 17:29:13.82",196
"2016-05-13 17:29:13.83",196
"2016-05-13 17:29:13.84",196
"2016-05-13 17:29:13.85",196
"2016-05-13 17:29:13.86",196
"2016-05-13 17:29:13.87",196
"2016-05-13 17:29:13.88",196
"2016-05-13 17:29:13.89",196
"2016-05-13 17:29:13.90",196
"2016-05-13 17:29:13.91",196
"2016-05-13 17:29:13.92",196
"2016-05-13 17:29:13.93",196
"2016-05-13 17:29:13.94",196
"2016-05-13 17:29:13.95",196
"2016-05-13 17:29:13.96",196
"2016-05-13 17:29:13.97",196
"2016-05-13 17:29:13.98",196
"2016-05-13 17:29:13.99",196
"2016-05-13 17:29:14.00",196
"2016-05-13 17:29:14.01",196
"2016-05-13 17:29:14.02",196
"2016-05-13 17:29:14.03",196
"2016-05-13 17:29:14.04",196
"2016-05-13 17:29:14.05",196
"2016-05-13 17:29:14.06",196
"2016-05-13 17:29:14.07",196
"2016-05-13 17:29:14.08",196
"2016-05-13 17:29:14.09",196
"2016-05-13 17:29:14.10",196
"2016-05-13 17:29:14.11",196
"2016-05-13 17:29:14.12",196
"2016-05-13 17:29:14.13",196
"2016-05-13 17:29:14.14",196
"2016-05-13 17:29:14.15",196
"2016-05-13 17:29:14.16",196
"2016-05-13 17:29:14.17",196
"2016-05-13 17:29:14.18",196
"2016-05-13 17:29:14.19",196
"2016-05-13 17:29:14.20",196
"2016-05-13 17:29:14.21",196
"2016-05-13 17:29:14.22",196
"2016-05-13 17:29:14.23",196
"2016-05-13 17:29:14.24",196
"2016-05-13 17:29:14.25",196
"2016-05-13 17:29:14.26",196
"2016-05-13 17:29:14.27",196
"2016-05-13 17:29:14.28",196
"2016-05-13 17:29:14.29",196
"2016-05-13 17:29:14.30",196
"2016-05-13 17:29:14.31",196
"2016-05-13 17:29:14.32",196
"2016-05-13 17:29:14.33",196
"2016-05-13 17:29:14.34",196
"2016-05-13 17:29:14.35",196
"2016-05-13 17:29:14.36",196
"2016-05-13 17:29:14.37",196
"2016-05-13 17:29:14.38",196
"2016-05-13 17:29:14.39",196
"2016-05-13 17:29:14.40",196
"2016-05-13 17:29:14.41",196
"2016-05-13 17:29:14.42",196
"2016-05-13 17:29:14.43",196
"2016-05-13 17:29:14.44",196
"2016-05-13 17:29:14.45",196
"2016-05-13 17:29:14.46",196
"2016-05-13 17:29:14.47",196
"2016-05-13 17:29:14.48",196
"2016-05-13 17:29:14.49",196
"2016-05-13 17:29:14.50",196
"2016-05-13 17:29:14.51",196
"2016-05-13 17:29:14.52",196
"2016-05-13 17:29:14.53",196
"2016-05-13 17:29:14.54",196
"2016-05-13 17:29:14.55",196
"2016-05-13 17:29:14.56",196
"2016-05-13 17:29:14.57",196
"2016-05-13 17:29:14.58",196
"2016-05-13 17:29:14.59",196
"2016-05-13 17:29:14.60",196
"2016-05-13 17:29:14.61",196
"2016-05-13 17:29:14.62",196
"2016-05-13 17:29:14.63",196
"2016-05-13 17:29:14.64",196
"2016-05-13 17:29:14.65",196
"2016-05-13 17:29:14.66",196
"2016-05-13 17:29:14.67",196
"2016-05-13 17:29:14.68",196
"2016-05-13 17:29:14.69",196
"2016-05-13 17:29:14.70",196
"2016-05-13 17:29:14.71",196
"2016-05-13 17:29:14.72",196
"2016-05-13 17:29:14.73",196
"2016-05-13 17:29:14.74",196
"2016-05-13 17:29:14.75",196
"2016-05-13 17:29:14.76",196
"2016-05-13 17:29:14.77",196
"2016-05-13 17:29:14.78",196
"2016-05-13 17:29:14.79",196
"2016-05-13 17:29:14.80",196
"2016-05-13 17:29:14.81",196
"2016-05-13 17:29:14.82",196
"2016-05-13 17:29:14.83",196
"2016-05-13 17:29:14.84",196
"2016-05-13 17:29:14.85",196
"2016-05-13 17:29:14.86",196
"2016-05-13 17:29:14.87",196
"2016-05-13 17:29:14.88",196
"2016-05-13 17:29:14.89",196
"2016-05-13 17:29:14.90",196
"2016-05-13 17:29:14.91",196
"2016-05-13 17:29:14.92",196
"2016-05-13 17:29:14.93",196
"2016-05-13 17:29:14.94",196
"2016-05-13 17:29:14.95",196
"2016-05-13 17:29:14.96",196
"2016-05-13 17:29:14.97",196
"2016-05-13 17:29:14.98",196
"2016-05-13 17:29:14.99",196
"2016-05-13 17:29:15.00",196
"2016-05-13 17:29:15.01",196
"2016-05-13 17:29:15.02",196
"2016-05-13 17:29:15.03",196
"2016-05-13 17:29:15.04",196
"2016-05-13 17:29:15.05",196
"2016-05-13 17:29:15.06",196
"2016-05-13 17:29:15.07",196
"2016-05-13 17:29:15.08",196
"2016-05-13 17:29:15.09",196
"2016-05-13 17:29:15.10",196
"2016-05-13 17:29:15.11",196
"2016-05-13 17:29:15.12",196
"2016-05-13 17:29:15.13",196
"2016-05-13 17:29:15.14",196
"2016-05-13 17:29:15.15",196
"2016-05-13 17:29:15.16",196
"2016-05-13 17:29:15.17",196
"2016-05-13 17:29:15.18",196
"2016-05-13 17:29:15.19",196
"2016-05-13 17:29:15.20",196
"2016-05-13 17:29:15.21",196
"2016-05-13 17:29:15.22",196
"2016-05-13 17:29:15.23",196
"2016-05-13 17:29:15.24",196
"2016-05-13 17:29:15.25",196
"2016-05-13 17:29:15.26",196
"2016-05-13 17:29:15.27",196
"2016-05-13 17:29:15.28",196
"2016-05-13 17:29:15.29",196
"2016-05-13 17:29:15.30",196
"2016-05-13 17:29:15.31",196
"2016-05-13 17:29:15.32",196
"2016-05-13 17:29:15.33",196
"2016-05-13 17:29:15.34",196
"2016-05-13 17:29:15.35",196
"2016-05-13 17:29:15.36",196
"2016-05-13 17:29:15.37",196
"2016-05-13 17:29:15.38",196
"2016-05-13 17:29:15.39",196
"2016-05-13 17:29:15.40",196
"2016-05-13 17:29:15.41",196
"2016-05-13 17:29:15.42",196
"2016-05-13 17:29:15.43",196
"2016-05-13 17:29:15.44",196
"2016-05-13 17:29:15.45",196
"2016-05-13 17:29:15.46",196
"2016-05-13 17:29:15.47",196
"2016-05-13 17:29:15.48",196
"2016-05-13 17:29:15.49",196
"2016-05-13 17:29:15.50",196
"2016-05-13 17:29:15.51",196
"2016-05-13 17:29:15.52",196
"2016-05-13 17:29:15.53",196
"2016-05-13 17:29:15.54",196
"2016-05-13 17:29:15.55",196
"2016-05-13 17:29:15.56",196
"2016-05-13 17:29:15.57",196
"2016-05-13 17:29:15.58",196
"2016-05-13 17:29:15.59",196
"2016-05-13 17:29:15.60",196
"2016-05-13 17:29:15.61",196
"2016-05-13 17:29:15.62",196
"2016-05-13 17:29:15.63",196
"2016-05-13 17:29:15.64",196
"2016-05-13 17:29:15.65",196
"2016-05-13 17:29:15.66",196
"2016-05-13 17:29:15.67",196
"2016-05-13 17:29:15.68",196
"2016-05-13 17:29:15.69",196
"2016-05-13 17:29:15.70",196
"2016-05-13 17:29:15.71",196
"2016-05-13 17:29:15.72",196
"2016-05-13 17:29:15.73",196
"2016-05-13 17:29:15.74",196
"2016-05-13 17:29:15.75",196
"2016-05-13 17:29:15.76",196
"2016-05-13 17:29:15.77",196
"2016-05-13 17:29:15.78",196
"2016-05-13 17:29:15.79",196
"2016-05-13 17:29:15.80",196
"2016-05-13 17:29:15.81",196
"2016-05-13 17:29:15.82",196
"2016-05-13 17:29:15.83",196
"2016-05-13 17:29:15.84",196
"2016-05-13 17:29:15.85",196
"2016-05-13 17:29:15.86",196
"2016-05-13 17:29:15.87",196
"2016-05-13 17:29:15.88",196
"2016-05-13 17:29:15.89",196
"2016-05-13 17:29:15.90",196
"2016-05-13 17:29:15.91",196
"2016-05-13 17:29:15.92",196
"2016-05-13 17:29:15.93",196
"2016-05-13 17:29:15.94",196
"2016-05-13 17:29:15.95",196
"2016-05-13 17:29:15.96",196
"2016-05-13 17:29:15.97",196
"2016-05-13 17:29:15.98",196
"2016-05-13 17:29:15.99",196
"2016-05-13 17:29:16.00",196
"2016-05-13 17:29:16.01",196
"2016-05-13 17:29:16.02",196
"2016-05-13 17:29:16.03",196
"2016-05-13 17:29:16.04",196
"2016-05-13 17:29:16.05",196
"2016-05-13 17:29:16.06",196
"2016-05-13 17:29:16.07",196
"2016-05-13 17:29:16.08",196
"2016-05-13 17:29:16.09",196
"2016-05-13 17:29:16.10",196
"2016-05-13 17:29:16.11",196
"2016-05-13 17:29:16.12",196
"2016-05-13 17:29:16.13",196
"2016-05-13 17:29:16.14",196
"2016-05-13 17:29:16.15",196
"2016-05-13 17:29:16.16",196
"2016-05-13 17:29:16.17",196
"2016-05-13 17:29:16.18",196
"2016-05-13 17:29:16.19",196
"2016-05-13 17:29:16.20",196
"2016-05-13 17:29:16.21",196
"2016-05-13 17:29:16.22",196
"2016-05-13 17:29:16.23",196
"2016-05-13 17:29:16.24",196
"2016-05-13 17:29:16.25",196
"2016-05-13 17:29:16.26",196
"2016-05-13 17:29:16.27",196
"2016-05-13 17:29:16.28",196
"2016-05-13 17:29:16.29",196
"2016-05-13 17:29:16.30",196
"2016-05-13 17:29:16.31",196
"2016-05-13 17:29:16.32",196
"2016-05-13 17:29:16.33",13113
"2016-05-13 17:29:16.34",2760
"2016-05-13 17:29:16.35",845
"2016-05-13 17:29:16.36",464
"2016-05-13 17:29:16.37",414
"2016-05-13 17:29:16.38",418
"2016-05-13 17:29:16.39",423
"2016-05-13 17:29:16.40",358
"2016-05-13 17:29:16.41",388
"2016-05-13 17:29:16.42",367
"2016-05-13 17:29:16.43",516
"2016-05-13 17:29:16.44",494
"2016-05-13 17:29:16.45",426
"2016-05-13 17:29:16.46",546
"2016-05-13 17:29:16.47",455
"2016-05-13 17:29:16.48",473
"2016-05-13 17:29:16.49",345
"2016-05-13 17:29:16.50",589
"2016-05-13 17:29:16.51",367
"2016-05-13 17:29:16.52",154
"2016-05-13 17:29:16.53",248
"2016-05-13 17:29:16.54",568
"2016-05-13 17:29:16.55",602
"2016-05-13 17:29:16.56",307
"2016-05-13 17:29:16.57",243
"2016-05-13 17:29:16.58",466
"2016-05-13 17:29:16.59",239
"2016-05-13 17:29:16.60",349
"2016-05-13 17:29:16.61",490
"2016-05-13 17:29:16.62",256
"2016-05-13 17:29:16.63",362
"2016-05-13 17:29:16.64",214
"2016-05-13 17:29:16.65",277
"2016-05-13 17:29:16.66",298
"2016-05-13 17:29:16.67",388
"2016-05-13 17:29:16.68",260
"2016-05-13 17:29:16.69",473
"2016-05-13 17:29:16.70",217
"2016-05-13 17:29:16.71",278
"2016-05-13 17:29:16.72",90
"2016-05-13 17:29:16.73",38
"2016-05-13 17:29:16.74",8
"2016-05-13 17:29:16.75",235
"2016-05-13 17:29:16.76",200
"2016-05-13 17:29:16.77",200
"2016-05-13 17:29:16.78",81
"2016-05-13 17:29:16.79",56
"2016-05-13 17:29:16.80",312
"2016-05-13 17:29:16.81",166
"2016-05-13 17:29:16.82",81
"2016-05-13 17:29:16.83",192
"2016-05-13 17:29:16.84",234
"2016-05-13 17:29:16.85",149
"2016-05-13 17:29:16.86",273
"2016-05-13 17:29:16.87",85
"2016-05-13 17:29:16.88",47
"2016-05-13 17:29:16.89",81
"2016-05-13 17:29:16.90",76
"2016-05-13 17:29:16.91",102
"2016-05-13 17:29:16.92",43
"2016-05-13 17:29:16.93",119
"2016-05-13 17:29:16.94",175
"2016-05-13 17:29:16.95",123
"2016-05-13 17:29:16.96",59
"2016-05-13 17:29:16.97",200
"2016-05-13 17:29:16.98",86
"2016-05-13 17:29:16.99",68
"2016-05-13 17:29:17.00",123
"2016-05-13 17:29:17.01",123
"2016-05-13 17:29:17.02",123
"2016-05-13 17:29:17.03",123
"2016-05-13 17:29:17.04",123
"2016-05-13 17:29:17.05",123
"2016-05-13 17:29:17.06",123
"2016-05-13 17:29:17.07",123
"2016-05-13 17:29:17.08",123
"2016-05-13 17:29:17.09",123
"2016-05-13 17:29:17.10",123
"2016-05-13 17:29:17.11",123
"2016-05-13 17:29:17.12",123
"2016-05-13 17:29:17.13",123
"2016-05-13 17:29:17.14",123
"2016-05-13 17:29:17.15",123
"2016-05-13 17:29:17.16",123
"2016-05-13 17:29:17.17",123
"2016-05-13 17:29:17.18",123
"2016-05-13 17:29:17.19",123
"2016-05-13 17:29:17.20",123
"2016-05-13 17:29:17.21",123
"2016-05-13 17:29:17.22",123
"2016-05-13 17:29:17.23",123
"2016-05-13 17:29:17.24",123
"2016-05-13 17:29:17.25",123
"2016-05-13 17:29:17.26",123
"2016-05-13 17:29:17.27",123
"2016-05-13 17:29:17.28",123
"2016-05-13 17:29:17.29",123
"2016-05-13 17:29:17.30",123
"2016-05-13 17:29:17.31",123
"2016-05-13 17:29:17.32",123
"2016-05-13 17:29:17.33",123
"2016-05-13 17:29:17.34",123
"2016-05-13 17:29:17.35",123
"2016-05-13 17:29:17.36",123
"2016-05-13 17:29:17.37",123
"2016-05-13 17:29:17.38",123
"2016-05-13 17:29:17.39",123
"2016-05-13 17:29:17.40",123
"2016-05-13 17:29:17.41",123
"2016-05-13 17:29:17.42",123
"2016-05-13 17:29:17.43",123
"2016-05-13 17:29:17.44",123
"2016-05-13 17:29:17.45",123
"2016-05-13 17:29:17.46",123
"2016-05-13 17:29:17.47",123
"2016-05-13 17:29:17.48",123
"2016-05-13 17:29:17.49",123
"2016-05-13 17:29:17.50",123
"2016-05-13 17:29:17.51",123
"2016-05-13 17:29:17.52",123
"2016-05-13 17:29:17.53",123
"2016-05-13 17:29:17.54",123
"2016-05-13 17:29:17.55",123
"2016-05-13 17:29:17.56",123
"2016-05-13 17:29:17.57",123
"2016-05-13 17:29:17.58",123
"2016-05-13 17:29:17.59",123
"2016-05-13 17:29:17.60",123
"2016-05-13 17:29:17.61",123
"2016-05-13 17:29:17.62",123
"2016-05-13 17:29:17.63",123
"2016-05-13 17:29:17.64",123
"2016-05-13 17:29:17.65",123
"2016-05-13 17:29:17.66",123
"2016-05-13 17:29:17.67",123
"2016-05-13 17:29:17.68",123
"2016-05-13 17:29:17.69",123
"2016-05-13 17:29:17.70",123
"2016-05-13 17:29:17.71",123
"2016-05-13 17:29:17.72",123
"2016-05-13 17:29:17.73",123
"2016-05-13 17:29:17.74",123
"2016-05-13 17:29:17.75",123
"2016-05-13 17:29:17.76",123
"2016-05-13 17:29:17.77",123
"2016-05-13 17:29:17.78",123
"2016-05-13 17:29:17.79",123
"2016-05-13 17:29:17.80",123
"2016-05-13 17:29:17.81",123
"2016-05-13 17:29:17.82",123
"2016-05-13 17:29:17.83",123
"2016-05-13 17:29:17.84",123
"2016-05-13 17:29:17.85",123
"2016-05-13 17:29:17.86",123
"2016-05-13 17:29:17.87",123
"2016-05-13 17:29:17.88",123
"2016-05-13 17:29:17.89",123
"2016-05-13 17:29:17.90",123
"2016-05-13 17:29:17.91",123
"2016-05-13 17:29:17.92",123
"2016-05-13 17:29:17.93",123
"2016-05-13 17:29:17.94",123
"2016-05-13 17:29:17.95",123
"2016-05-13 17:29:17.96",123
"2016-05-13 17:29:17.97",123
"2016-05-13 17:29:17.98",123
"2016-05-13 17:29:17.99",123
"2016-05-13 17:29:18.00",123
"2016-05-13 17:29:18.01",123
"2016-05-13 17:29:18.02",123
"2016-05-13 17:29:18.03",123
"2016-05-13 17:29:18.04",123
"2016-05-13 17:29:18.05",123
"2016-05-13 17:29:18.06",123
"2016-05-13 17:29:18.07",123
"2016-05-13 17:29:18.08",123
"2016-05-13 17:29:18.09",123
"2016-05-13 17:29:18.10",123
"2016-05-13 17:29:18.11",123
"2016-05-13 17:29:18.12",123
"2016-05-13 17:29:18.13",123
"2016-05-13 17:29:18.14",123
"2016-05-13 17:29:18.15",123
"2016-05-13 17:29:18.16",123
"2016-05-13 17:29:18.17",123
"2016-05-13 17:29:18.18",123
"2016-05-13 17:29:18.19",123
"2016-05-13 17:29:18.20",123
"2016-05-13 17:29:18.21",123
"2016-05-13 17:29:18.22",123
"2016-05-13 17:29:18.23",123
"2016-05-13 17:29:18.24",123
"2016-05-13 17:29:18.25",123
"2016-05-13 17:29:18.26",123
"2016-05-13 17:29:18.27",123
"2016-05-13 17:29:18.28",123
"2016-05-13 17:29:18.29",123
"2016-05-13 17:29:18.30",123
"2016-05-13 17:29:18.31",123
"2016-05-13 17:29:18.32",123
"2016-05-13 17:29:18.33",123
"2016-05-13 17:29:18.34",123
"2016-05-13 17:29:18.35",123
"2016-05-13 17:29:18.36",123
"2016-05-13 17:29:18.37",123
"2016-05-13 17:29:18.38",123
"2016-05-13 17:29:18.39",123
"2016-05-13 17:29:18.40",123
"2016-05-13 17:29:18.41",123
"2016-05-13 17:29:18.42",123
"2016-05-13 17:29:18.43",123
"2016-05-13 17:29:18.44",123
"2016-05-13 17:29:18.45",123
"2016-05-13 17:29:18.46",123
"2016-05-13 17:29:18.47",123
"2016-05-13 17:29:18.48",123
"2016-05-13 17:29:18.49",123
"2016-05-13 17:29:18.50",123
"2016-05-13 17:29:18.51",123
"2016-05-13 17:29:18.52",123
"2016-05-13 17:29:18.53",123
"2016-05-13 17:29:18.54",123
"2016-05-13 17:29:18.55",123
"2016-05-13 17:29:18.56",123
"2016-05-13 17:29:18.57",123
"2016-05-13 17:29:18.58",123
"2016-05-13 17:29:18.59",123
"2016-05-13 17:29:18.60",123
"2016-05-13 17:29:18.61",123
"2016-05-13 17:29:18.62",123
"2016-05-13 17:29:18.63",123
"2016-05-13 17:29:18.64",123
"2016-05-13 17:29:18.65",123
"2016-05-13 17:29:18.66",123
"2016-05-13 17:29:18.67",123
"2016-05-13 17:29:18.68",123
"2016-05-13 17:29:18.69",123
"2016-05-13 17:29:18.70",123
"2016-05-13 17:29:18.71",123
"2016-05-13 17:29:18.72",123
"2016-05-13 17:29:18.73",123
"2016-05-13 17:29:18.74",123
"2016-05-13 17:29:18.75",123
"2016-05-13 17:29:18.76",123
"2016-05-13 17:29:18.77",123
"2016-05-13 17:29:18.78",123
"2016-05-13 17:29:18.79",123
"2016-05-13 17:29:18.80",123
"2016-05-13 17:29:18.81",123
"2016-05-13 17:29:18.82",123
"2016-05-13 17:29:18.83",123
"2016-05-13 17:29:18.84",123
"2016-05-13 17:29:18.85",123
"2016-05-13 17:29:18.86",123
"2016-05-13 17:29:18.87",123
"2016-05-13 17:29:18.88",123
"2016-05-13 17:29:18.89",123
"2016-05-13 17:29:18.90",123
"2016-05-13 17:29:18.91",123
"2016-05-13 17:29:18.92",123
"2016-05-13 17:29:18.93",123
"2016-05-13 17:29:18.94",123
"2016-05-13 17:29:18.95",123
"2016-05-13 17:29:18.96",123
"2016-05-13 17:29:18.97",123
"2016-05-13 17:29:18.98",123
"2016-05-13 17:29:18.99",123
"2016-05-13 17:29:19.00",123
"2016-05-13 17:29:19.01",123
"2016-05-13 17:29:19.02",123
"2016-05-13 17:29:19.03",123
"2016-05-13 17:29:19.04",123
"2016-05-13 17:29:19.05",123
"2016-05-13 17:29:19.06",123
"2016-05-13 17:29:19.07",123
"2016-05-13 17:29:19.08",123
"2016-05-13 17:29:19.09",123
"2016-05-13 17:29:19.10",123
"2016-05-13 17:29:19.11",123
"2016-05-13 17:29:19.12",123
"2016-05-13 17:29:19.13",123
"2016-05-13 17:29:19.14",123
"2016-05-13 17:29:19.15",123
"2016-05-13 17:29:19.16",123
"2016-05-13 17:29:19.17",123
"2016-05-13 17:29:19.18",123
"2016-05-13 17:29:19.19",123
"2016-05-13 17:29:19.20",123
"2016-05-13 17:29:19.21",123
"2016-05-13 17:29:19.22",123
"2016-05-13 17:29:19.23",123
"2016-05-13 17:29:19.24",123
"2016-05-13 17:29:19.25",123
"2016-05-13 17:29:19.26",123
"2016-05-13 17:29:19.27",123
"2016-05-13 17:29:19.28",123
"2016-05-13 17:29:19.29",123
"2016-05-13 17:29:19.30",123
"2016-05-13 17:29:19.31",123
"2016-05-13 17:29:19.32",123
"2016-05-13 17:29:19.33",123
"2016-05-13 17:29:19.34",123
"2016-05-13 17:29:19.35",123
"2016-05-13 17:29:19.36",123
"2016-05-13 17:29:19.37",123
"2016-05-13 17:29:19.38",123
"2016-05-13 17:29:19.39",123
"2016-05-13 17:29:19.40",123
"2016-05-13 17:29:19.41",123
"2016-05-13 17:29:19.42",123
"2016-05-13 17:29:19.43",123
"2016-05-13 17:29:19.44",123
"2016-05-13 17:29:19.45",123
"2016-05-13 17:29:19.46",123
"2016-05-13 17:29:19.47",123
"2016-05-13 17:29:19.48",123
"2016-05-13 17:29:19.49",123
"2016-05-13 17:29:19.50",123
"2016-05-13 17:29:19.51",123
"2016-05-13 17:29:19.52",123
"2016-05-13 17:29:19.53",123
"2016-05-13 17:29:19.54",123
"2016-05-13 17:29:19.55",123
"2016-05-13 17:29:19.56",123
"2016-05-13 17:29:19.57",123
"2016-05-13 17:29:19.58",123
"2016-05-13 17:29:19.59",123
"2016-05-13 17:29:19.60",123
"2016-05-13 17:29:19.61",123
"2016-05-13 17:29:19.62",123
"2016-05-13 17:29:19.63",123
"2016-05-13 17:29:19.64",123
"2016-05-13 17:29:19.65",123
"2016-05-13 17:29:19.66",123
"2016-05-13 17:29:19.67",123
"2016-05-13 17:29:19.68",123
"2016-05-13 17:29:19.69",123
"2016-05-13 17:29:19.70",123
"2016-05-13 17:29:19.71",123
"2016-05-13 17:29:19.72",123
"2016-05-13 17:29:19.73",123
"2016-05-13 17:29:19.74",123
"2016-05-13 17:29:19.75",123
"2016-05-13 17:29:19.76",123
"2016-05-13 17:29:19.77",123
"2016-05-13 17:29:19.78",123
"2016-05-13 17:29:19.79",123
"2016-05-13 17:29:19.80",123
"2016-05-13 17:29:19.81",123
"2016-05-13 17:29:19.82",123
"2016-05-13 17:29:19.83",123
"2016-05-13 17:29:19.84",123
"2016-05-13 17:29:19.85",123
"2016-05-13 17:29:19.86",123
"2016-05-13 17:29:19.87",123
"2016-05-13 17:29:19.88",123
"2016-05-13 17:29:19.89",123
"2016-05-13 17:29:19.90",123
"2016-05-13 17:29:19.91",123
"2016-05-13 17:29:19.92",123
"2016-05-13 17:29:19.93",123
"2016-05-13 17:29:19.94",123
"2016-05-13 17:29:19.95",123
"2016-05-13 17:29:19.96",123
"2016-05-13 17:29:19.97",123
"2016-05-13 17:29:19.98",123
"2016-05-13 17:29:19.99",123
"2016-05-13 17:29:20.00",123
"2016-05-13 17:29:20.01",123
"2016-05-13 17:29:20.02",123
"2016-05-13 17:29:20.03",123
"2016-05-13 17:29:20.04",123
"2016-05-13 17:29:20.05",123
"2016-05-13 17:29:20.06",123
"2016-05-13 17:29:20.07",123
"2016-05-13 17:29:20.08",123
"2016-05-13 17:29:20.09",123
"2016-05-13 17:29:20.10",123
"2016-05-13 17:29:20.11",123
"2016-05-13 17:29:20.12",123
"2016-05-13 17:29:20.13",123
"2016-05-13 17:29:20.14",123
"2016-05-13 17:29:20.15",123
"2016-05-13 17:29:20.16",123
"2016-05-13 17:29:20.17",123
"2016-05-13 17:29:20.18",123
"2016-05-13 17:29:20.19",123
"2016-05-13 17:29:20.20",123
"2016-05-13 17:29:20.21",123
"2016-05-13 17:29:20.22",123
"2016-05-13 17:29:20.23",123
"2016-05-13 17:29:20.24",123
"2016-05-13 17:29:20.25",123
"2016-05-13 17:29:20.26",123
"2016-05-13 17:29:20.27",123
"2016-05-13 17:29:20.28",123
"2016-05-13 17:29:20.29",123
"2016-05-13 17:29:20.30",123
"2016-05-13 17:29:20.31",123
"2016-05-13 17:29:20.32",123
"2016-05-13 17:29:20.33",123
"2016-05-13 17:29:20.34",123
"2016-05-13 17:29:20.35",123
"2016-05-13 17:29:20.36",123
"2016-05-13 17:29:20.37",123
"2016-05-13 17:29:20.38",123
"2016-05-13 17:29:20.39",123
"2016-05-13 17:29:20.40",2094798
"2016-05-13 17:29:20.41",612519
"2016-05-13 17:29:20.42",111354
"2016-05-13 17:29:20.43",20266
"2016-05-13 17:29:20.44",3562
"2016-05-13 17:29:20.45",641
"2016-05-13 17:29:20.46",217
"2016-05-13 17:29:20.47",103
"2016-05-13 17:29:20.48",38
"2016-05-13 17:29:20.49",102
"2016-05-13 17:29:20.50",8
"2016-05-13 17:29:20.51",127
"2016-05-13 17:29:20.52",17
"2016-05-13 17:29:20.53",14
"2016-05-13 17:29:20.54",0
"2016-05-13 17:29:20.55",80
"2016-05-13 17:29:20.56",34
"2016-05-13 17:29:20.57",35
"2016-05-13 17:29:20.58",78
"2016-05-13 17:29:20.59",21
"2016-05-13 17:29:20.60",22
"2016-05-13 17:29:20.61",132
"2016-05-13 17:29:20.62",13
"2016-05-13 17:29:20.63",124
"2016-05-13 17:29:20.64",51
"2016-05-13 17:29:20.65",34
"2016-05-13 17:29:20.66",137
"2016-05-13 17:29:20.67",44
"2016-05-13 17:29:20.68",42
"2016-05-13 17:29:20.69",25
"2016-05-13 17:29:20.70",0
"2016-05-13 17:29:20.71",94
"2016-05-13 17:29:20.72",163
"2016-05-13 17:29:20.73",9
"2016-05-13 17:29:20.74",4
"2016-05-13 17:29:20.75",21
"2016-05-13 17:29:20.76",13
"2016-05-13 17:29:20.77",27
"2016-05-13 17:29:20.78",80
"2016-05-13 17:29:20.79",29
"2016-05-13 17:29:20.80",64
"2016-05-13 17:29:20.81",46
"2016-05-13 17:29:20.82",115
"2016-05-13 17:29:20.83",0
"2016-05-13 17:29:20.84",112
"2016-05-13 17:29:20.85",38
"2016-05-13 17:29:20.86",25
"2016-05-13 17:29:20.87",116
"2016-05-13 17:29:20.88",78
"2016-05-13 17:29:20.89",107
"2016-05-13 17:29:20.90",85
"2016-05-13 17:29:20.91",59
"2016-05-13 17:29:20.92",73
"2016-05-13 17:29:20.93",17
"2016-05-13 17:29:20.94",94
"2016-05-13 17:29:20.95",103
"2016-05-13 17:29:20.96",4
"2016-05-13 17:29:20.97",63
"2016-05-13 17:29:20.98",107
"2016-05-13 17:29:20.99",30
"2016-05-13 17:29:21.00",61
"2016-05-13 17:29:21.01",99
"2016-05-13 17:29:21.02",17
"2016-05-13 17:29:21.03",29
"2016-05-13 17:29:21.04",21
"2016-05-13 17:29:21.05",69
"2016-05-13 17:29:21.06",22
"2016-05-13 17:29:21.07",247
"2016-05-13 17:29:21.08",34
"2016-05-13 17:29:21.09",34
"2016-05-13 17:29:21.10",34
"2016-05-13 17:29:21.11",34
"2016-05-13 17:29:21.12",34
"2016-05-13 17:29:21.13",34
"2016-05-13 17:29:21.14",34
"2016-05-13 17:29:21.15",34
"2016-05-13 17:29:21.16",34
"2016-05-13 17:29:21.17",34
"2016-05-13 17:29:21.18",34
"2016-05-13 17:29:21.19",34
"2016-05-13 17:29:21.20",34
"2016-05-13 17:29:21.21",34
"2016-05-13 17:29:21.22",34
"2016-05-13 17:29:21.23",34
"2016-05-13 17:29:21.24",34
"2016-05-13 17:29:21.25",34
"2016-05-13 17:29:21.26",34
"2016-05-13 17:29:21.27",34
"2016-05-13 17:29:21.28",34
"2016-05-13 17:29:21.29",34
"2016-05-13 17:29:21.30",34
"2016-05-13 17:29:21.31",34
"2016-05-13 17:29:21.32",34
"2016-05-13 17:29:21.33",34
"2016-05-13 17:29:21.34",34
"2016-05-13 17:29:21.35",34
"2016-05-13 17:29:21.36",34
"2016-05-13 17:29:21.37",34
"2016-05-13 17:29:21.38",34
"2016-05-13 17:29:21.39",34
"2016-05-13 17:29:21.40",34
"2016-05-13 17:29:21.41",34
"2016-05-13 17:29:21.42",34
"2016-05-13 17:29:21.43",34
"2016-05-13 17:29:21.44",34
"2016-05-13 17:29:21.45",34
"2016-05-13 17:29:21.46",34
"2016-05-13 17:29:21.47",34
"2016-05-13 17:29:21.48",34
"2016-05-13 17:29:21.49",34
"2016-05-13 17:29:21.50",34
"2016-05-13 17:29:21.51",34
"2016-05-13 17:29:21.52",34
"2016-05-13 17:29:21.53",34
"2016-05-13 17:29:21.54",34
"2016-05-13 17:29:21.55",34
"2016-05-13 17:29:21.56",34
"2016-05-13 17:29:21.57",34
"2016-05-13 17:29:21.58",34
"2016-05-13 17:29:21.59",34
"2016-05-13 17:29:21.60",34
"2016-05-13 17:29:21.61",34
"2016-05-13 17:29:21.62",34
"2016-05-13 17:29:21.63",34
"2016-05-13 17:29:21.64",34
"2016-05-13 17:29:21.65",34
"2016-05-13 17:29:21.66",34
"2016-05-13 17:29:21.67",34
"2016-05-13 17:29:21.68",34
"2016-05-13 17:29:21.69",34
"2016-05-13 17:29:21.70",34
"2016-05-13 17:29:21.71",34
"2016-05-13 17:29:21.72",34
"2016-05-13 17:29:21.73",34
"2016-05-13 17:29:21.74",34
"2016-05-13 17:29:21.75",34
"2016-05-13 17:29:21.76",34
"2016-05-13 17:29:21.77",34
"2016-05-13 17:29:21.78",34
"2016-05-13 17:29:21.79",34
"2016-05-13 17:29:21.80",34
"2016-05-13 17:29:21.81",34
"2016-05-13 17:29:21.82",34
"2016-05-13 17:29:21.83",34
"2016-05-13 17:29:21.84",34
"2016-05-13 17:29:21.85",34
"2016-05-13 17:29:21.86",34
"2016-05-13 17:29:21.87",34
"2016-05-13 17:29:21.88",34
"2016-05-13 17:29:21.89",34
"2016-05-13 17:29:21.90",34
"2016-05-13 17:29:21.91",34
"2016-05-13 17:29:21.92",34
"2016-05-13 17:29:21.93",34
"2016-05-13 17:29:21.94",34
"2016-05-13 17:29:21.95",34
"2016-05-13 17:29:21.96",34
"2016-05-13 17:29:21.97",34
"2016-05-13 17:29:21.98",34
"2016-05-13 17:29:21.99",34
"2016-05-13 17:29:22.00",34
"2016-05-13 17:29:22.01",34
"2016-05-13 17:29:22.02",34
"2016-05-13 17:29:22.03",34
"2016-05-13 17:29:22.04",34
"2016-05-13 17:29:22.05",34
"2016-05-13 17:29:22.06",34
"2016-05-13 17:29:22.07",34
"2016-05-13 17:29:22.08",34
"2016-05-13 17:29:22.09",34
"2016-05-13 17:29:22.10",34
"2016-05-13 17:29:22.11",34
"2016-05-13 17:29:22.12",34
"2016-05-13 17:29:22.13",34
"2016-05-13 17:29:22.14",34
"2016-05-13 17:29:22.15",34
"2016-05-13 17:29:22.16",34
"2016-05-13 17:29:22.17",34
"2016-05-13 17:29:22.18",34
"2016-05-13 17:29:22.19",34
"2016-05-13 17:29:22.20",34
"2016-05-13 17:29:22.21",34
"2016-05-13 17:29:22.22",34
"2016-05-13 17:29:22.23",34
"2016-05-13 17:29:22.24",34
"2016-05-13 17:29:22.25",34
"2016-05-13 17:29:22.26",34
"2016-05-13 17:29:22.27",34
"2016-05-13 17:29:22.28",34
"2016-05-13 17:29:22.29",34
"2016-05-13 17:29:22.30",34
"2016-05-13 17:29:22.31",34
"2016-05-13 17:29:22.32",34
"2016-05-13 17:29:22.33",34
"2016-05-13 17:29:22.34",34
"2016-05-13 17:29:22.35",34
"2016-05-13 17:29:22.36",34
"2016-05-13 17:29:22.37",34
"2016-05-13 17:29:22.38",34
"2016-05-13 17:29:22.39",34
"2016-05-13 17:29:22.40",34
"2016-05-13 17:29:22.41",34
"2016-05-13 17:29:22.42",34
"2016-05-13 17:29:22.43",34
"2016-05-13 17:29:22.44",34
"2016-05-13 17:29:22.45",34
"2016-05-13 17:29:22.46",34
"2016-05-13 17:29:22.47",34
"2016-05-13 17:29:22.48",34
"2016-05-13 17:29:22.49",34
"2016-05-13 17:29:22.50",34
"2016-05-13 17:29:22.51",34
"2016-05-13 17:29:22.52",34
"2016-05-13 17:29:22.53",34
"2016-05-13 17:29:22.54",34
"2016-05-13 17:29:22.55",34
"2016-05-13 17:29:22.56",34
"2016-05-13 17:29:22.57",34
"2016-05-13 17:29:22.58",34
"2016-05-13 17:29:22.59",34
"2016-05-13 17:29:22.60",34
"2016-05-13 17:29:22.61",34
"2016-05-13 17:29:22.62",34
"2016-05-13 17:29:22.63",34
"2016-05-13 17:29:22.64",34
"2016-05-13 17:29:22.65",34
"2016-05-13 17:29:22.66",34
"2016-05-13 17:29:22.67",34
"2016-05-13 17:29:22.68",34
"2016-05-13 17:29:22.69",34
"2016-05-13 17:29:22.70",34
"2016-05-13 17:29:22.71",34
"2016-05-13 17:29:22.72",34
"2016-05-13 17:29:22.73",34
"2016-05-13 17:29:22.74",34
"2016-05-13 17:29:22.75",34
"2016-05-13 17:29:22.76",34
"2016-05-13 17:29:22.77",34
"2016-05-13 17:29:22.78",34
"2016-05-13 17:29:22.79",34
"2016-05-13 17:29:22.80",34
"2016-05-13 17:29:22.81",34
"2016-05-13 17:29:22.82",34
"2016-05-13 17:29:22.83",34
"2016-05-13 17:29:22.84",34
"2016-05-13 17:29:22.85",34
"2016-05-13 17:29:22.86",34
"2016-05-13 17:29:22.87",34
"2016-05-13 17:29:22.88",34
"2016-05-13 17:29:22.89",34
"2016-05-13 17:29:22.90",34
"2016-05-13 17:29:22.91",34
"2016-05-13 17:29:22.92",34
"2016-05-13 17:29:22.93",34
"2016-05-13 17:29:22.94",34
"2016-05-13 17:29:22.95",34
"2016-05-13 17:29:22.96",34
"2016-05-13 17:29:22.97",34
"2016-05-13 17:29:22.98",34
"2016-05-13 17:29:22.99",34
"2016-05-13 17:29:23.00",34
"2016-05-13 17:29:23.01",34
"2016-05-13 17:29:23.02",34
"2016-05-13 17:29:23.03",34
"2016-05-13 17:29:23.04",34
"2016-05-13 17:29:23.05",34
"2016-05-13 17:29:23.06",34
"2016-05-13 17:29:23.07",34
"2016-05-13 17:29:23.08",34
"2016-05-13 17:29:23.09",34
"2016-05-13 17:29:23.10",34
"2016-05-13 17:29:23.11",34
"2016-05-13 17:29:23.12",34
"2016-05-13 17:29:23.13",34
"2016-05-13 17:29:23.14",34
"2016-05-13 17:29:23.15",34
"2016-05-13 17:29:23.16",34
"2016-05-13 17:29:23.17",34
"2016-05-13 17:29:23.18",34
"2016-05-13 17:29:23.19",34
"2016-05-13 17:29:23.20",34
"2016-05-13 17:29:23.21",34
"2016-05-13 17:29:23.22",34
"2016-05-13 17:29:23.23",34
"2016-05-13 17:29:23.24",34
"2016-05-13 17:29:23.25",34
"2016-05-13 17:29:23.26",34
"2016-05-13 17:29:23.27",34
"2016-05-13 17:29:23.28",34
"2016-05-13 17:29:23.29",34
"2016-05-13 17:29:23.30",34
"2016-05-13 17:29:23.31",34
"2016-05-13 17:29:23.32",34
"2016-05-13 17:29:23.33",34
"2016-05-13 17:29:23.34",34
"2016-05-13 17:29:23.35",34
"2016-05-13 17:29:23.36",34
"2016-05-13 17:29:23.37",34
"2016-05-13 17:29:23.38",34
"2016-05-13 17:29:23.39",34
"2016-05-13 17:29:23.40",34
"2016-05-13 17:29:23.41",34
"2016-05-13 17:29:23.42",34
"2016-05-13 17:29:23.43",34
"2016-05-13 17:29:23.44",34
"2016-05-13 17:29:23.45",34
"2016-05-13 17:29:23.46",34
"2016-05-13 17:29:23.47",34
"2016-05-13 17:29:23.48",34
"2016-05-13 17:29:23.49",34
"2016-05-13 17:29:23.50",34
"2016-05-13 17:29:23.51",34
"2016-05-13 17:29:23.52",34
"2016-05-13 17:29:23.53",34
"2016-05-13 17:29:23.54",34
"2016-05-13 17:29:23.55",34
"2016-05-13 17:29:23.56",34
"2016-05-13 17:29:23.57",34
"2016-05-13 17:29:23.58",34
"2016-05-13 17:29:23.59",34
"2016-05-13 17:29:23.60",34
"2016-05-13 17:29:23.61",34
"2016-05-13 17:29:23.62",34
"2016-05-13 17:29:23.63",34
"2016-05-13 17:29:23.64",34
"2016-05-13 17:29:23.65",34
"2016-05-13 17:29:23.66",34
"2016-05-13 17:29:23.67",34
"2016-05-13 17:29:23.68",34
"2016-05-13 17:29:23.69",34
"2016-05-13 17:29:23.70",34
"2016-05-13 17:29:23.71",34
"2016-05-13 17:29:23.72",34
"2016-05-13 17:29:23.73",34
"2016-05-13 17:29:23.74",34
"2016-05-13 17:29:23.75",34
"2016-05-13 17:29:23.76",34
"2016-05-13 17:29:23.77",34
"2016-05-13 17:29:23.78",34
"2016-05-13 17:29:23.79",34
"2016-05-13 17:29:23.80",34
"2016-05-13 17:29:23.81",34
"2016-05-13 17:29:23.82",34
"2016-05-13 17:29:23.83",34
"2016-05-13 17:29:23.84",34
"2016-05-13 17:29:23.85",34
"2016-05-13 17:29:23.86",34
"2016-05-13 17:29:23.87",34
"2016-05-13 17:29:23.88",34
"2016-05-13 17:29:23.89",34
"2016-05-13 17:29:23.90",34
"2016-05-13 17:29:23.91",34
"2016-05-13 17:29:23.92",34
"2016-05-13 17:29:23.93",34
"2016-05-13 17:29:23.94",34
"2016-05-13 17:29:23.95",34
"2016-05-13 17:29:23.96",34
"2016-05-13 17:29:23.97",34
"2016-05-13 17:29:23.98",34
"2016-05-13 17:29:23.99",34
"2016-05-13 17:29:24.00",34
"2016-05-13 17:29:24.01",34
"2016-05-13 17:29:24.02",34
"2016-05-13 17:29:24.03",34
"2016-05-13 17:29:24.04",34
"2016-05-13 17:29:24.05",34
"2016-05-13 17:29:24.06",34
"2016-05-13 17:29:24.07",34
"2016-05-13 17:29:24.08",34
"2016-05-13 17:29:24.09",34
"2016-05-13 17:29:24.10",34
"2016-05-13 17:29:24.11",34
"2016-05-13 17:29:24.12",34
"2016-05-13 17:29:24.13",34
"2016-05-13 17:29:24.14",34
"2016-05-13 17:29:24.15",34
"2016-05-13 17:29:24.16",34
"2016-05-13 17:29:24.17",34
"2016-05-13 17:29:24.18",34
"2016-05-13 17:29:24.19",34
"2016-05-13 17:29:24.20",34
"2016-05-13 17:29:24.21",34
"2016-05-13 17:29:24.22",34
"2016-05-13 17:29:24.23",34
"2016-05-13 17:29:24.24",34
"2016-05-13 17:29:24.25",34
"2016-05-13 17:29:24.26",34
"2016-05-13 17:29:24.27",34
"2016-05-13 17:29:24.28",34
"2016-05-13 17:29:24.29",34
"2016-05-13 17:29:24.30",34
"2016-05-13 17:29:24.31",34
"2016-05-13 17:29:24.32",34
"2016-05-13 17:29:24.33",34
"2016-05-13 17:29:24.34",34
"2016-05-13 17:29:24.35",34
"2016-05-13 17:29:24.36",34
"2016-05-13 17:29:24.37",34
"2016-05-13 17:29:24.38",34
"2016-05-13 17:29:24.39",34
"2016-05-13 17:29:24.40",34
"2016-05-13 17:29:24.41",34
"2016-05-13 17:29:24.42",34
"2016-05-13 17:29:24.43",34
"2016-05-13 17:29:24.44",34
"2016-05-13 17:29:24.45",34
"2016-05-13 17:29:24.46",34
"2016-05-13 17:29:24.47",34
"2016-05-13 17:29:24.48",2094546
"2016-05-13 17:29:24.49",612749
"2016-05-13 17:29:24.50",111363
"2016-05-13 17:29:24.51",20295
"2016-05-13 17:29:24.52",3750
"2016-05-13 17:29:24.53",726
"2016-05-13 17:29:24.54",162
"2016-05-13 17:29:24.55",64
"2016-05-13 17:29:24.56",68
"2016-05-13 17:29:24.57",112
"2016-05-13 17:29:24.58",47
"2016-05-13 17:29:24.59",21
"2016-05-13 17:29:24.60",51
"2016-05-13 17:29:24.61",47
"2016-05-13 17:29:24.62",103
"2016-05-13 17:29:24.63",38
"2016-05-13 17:29:24.64",120
"2016-05-13 17:29:24.65",22
"2016-05-13 17:29:24.66",47
"2016-05-13 17:29:24.67",123
"2016-05-13 17:29:24.68",0
"2016-05-13 17:29:24.69",4
"2016-05-13 17:29:24.70",13
"2016-05-13 17:29:24.71",51
"2016-05-13 17:29:24.72",72
"2016-05-13 17:29:24.73",47
"2016-05-13 17:29:24.74",74
"2016-05-13 17:29:24.75",46
"2016-05-13 17:29:24.76",94
"2016-05-13 17:29:24.77",90
"2016-05-13 17:29:24.78",17
"2016-05-13 17:29:24.79",34
"2016-05-13 17:29:24.80",38
"2016-05-13 17:29:24.81",34
"2016-05-13 17:29:24.82",21
"2016-05-13 17:29:24.83",34
"2016-05-13 17:29:24.84",12
"2016-05-13 17:29:24.85",43
"2016-05-13 17:29:24.86",47
"2016-05-13 17:29:24.87",132
"2016-05-13 17:29:24.88",52
"2016-05-13 17:29:24.89",73
"2016-05-13 17:29:24.90",137
"2016-05-13 17:29:24.91",116
"2016-05-13 17:29:24.92",22
"2016-05-13 17:29:24.93",94
"2016-05-13 17:29:24.94",106
"2016-05-13 17:29:24.95",59
"2016-05-13 17:29:24.96",51
"2016-05-13 17:29:24.97",76
"2016-05-13 17:29:24.98",47
"2016-05-13 17:29:24.99",85
"2016-05-13 17:29:25.00",0
"2016-05-13 17:29:25.01",13
"2016-05-13 17:29:25.02",132
"2016-05-13 17:29:25.03",13
"2016-05-13 17:29:25.04",8
"2016-05-13 17:29:25.05",63
"2016-05-13 17:29:25.06",34
"2016-05-13 17:29:25.07",44
"2016-05-13 17:29:25.08",30
"2016-05-13 17:29:25.09",153
"2016-05-13 17:29:25.10",17
"2016-05-13 17:29:25.11",25
"2016-05-13 17:29:25.12",30
"2016-05-13 17:29:25.13",60
"2016-05-13 17:29:25.14",98
"2016-05-13 17:29:25.15",76
"2016-05-13 17:29:25.16",72
"2016-05-13 17:29:25.17",72
"2016-05-13 17:29:25.18",72
"2016-05-13 17:29:25.19",72
"2016-05-13 17:29:25.20",72
"2016-05-13 17:29:25.21",72
"2016-05-13 17:29:25.22",72
"2016-05-13 17:29:25.23",72
"2016-05-13 17:29:25.24",72
"2016-05-13 17:29:25.25",72
"2016-05-13 17:29:25.26",72
"2016-05-13 17:29:25.27",72
"2016-05-13 17:29:25.28",72
"2016-05-13 17:29:25.29",72
"2016-05-13 17:29:25.30",72
"2016-05-13 17:29:25.31",72
"2016-05-13 17:29:25.32",72
"2016-05-13 17:29:25.33",72
"2016-05-13 17:29:25.34",72
"2016-05-13 17:29:25.35",72
"2016-05-13 17:29:25.36",72
"2016-05-13 17:29:25.37",72
"2016-05-13 17:29:25.38",72
"2016-05-13 17:29:25.39",72
"2016-05-13 17:29:25.40",72
"2016-05-13 17:29:25.41",72
"2016-05-13 17:29:25.42",72
"2016-05-13 17:29:25.43",72
"2016-05-13 17:29:25.44",72
"2016-05-13 17:29:25.45",72
"2016-05-13 17:29:25.46",72
"2016-05-13 17:29:25.47",72
"2016-05-13 17:29:25.48",72
"2016-05-13 17:29:25.49",72
"2016-05-13 17:29:25.50",72
"2016-05-13 17:29:25.51",72
"2016-05-13 17:29:25.52",72
"2016-05-13 17:29:25.53",72
"2016-05-13 17:29:25.54",72
"2016-05-13 17:29:25.55",72
"2016-05-13 17:29:25.56",72
"2016-05-13 17:29:25.57",72
"2016-05-13 17:29:25.58",72
"2016-05-13 17:29:25.59",72
"2016-05-13 17:29:25.60",72
"2016-05-13 17:29:25.61",72
"2016-05-13 17:29:25.62",72
"2016-05-13 17:29:25.63",72
"2016-05-13 17:29:25.64",72
"2016-05-13 17:29:25.65",72
"2016-05-13 17:29:25.66",72
"2016-05-13 17:29:25.67",72
"2016-05-13 17:29:25.68",72
"2016-05-13 17:29:25.69",72
"2016-05-13 17:29:25.70",72
"2016-05-13 17:29:25.71",72
"2016-05-13 17:29:25.72",72
"2016-05-13 17:29:25.73",72
"2016-05-13 17:29:25.74",72
"2016-05-13 17:29:25.75",72
"2016-05-13 17:29:25.76",72
"2016-05-13 17:29:25.77",72
"2016-05-13 17:29:25.78",72
"2016-05-13 17:29:25.79",72
"2016-05-13 17:29:25.80",72
"2016-05-13 17:29:25.81",72
"2016-05-13 17:29:25.82",72
"2016-05-13 17:29:25.83",72
"2016-05-13 17:29:25.84",72
"2016-05-13 17:29:25.85",72
"2016-05-13 17:29:25.86",72
"2016-05-13 17:29:25.87",72
"2016-05-13 17:29:25.88",72
"2016-05-13 17:29:25.89",72
"2016-05-13 17:29:25.90",72
"2016-05-13 17:29:25.91",72
"2016-05-13 17:29:25.92",72
"2016-05-13 17:29:25.93",72
"2016-05-13 17:29:25.94",72
"2016-05-13 17:29:25.95",72
"2016-05-13 17:29:25.96",72
"2016-05-13 17:29:25.97",72
"2016-05-13 17:29:25.98",72
"2016-05-13 17:29:25.99",72
"2016-05-13 17:29:26.00",72
"2016-05-13 17:29:26.01",72
"2016-05-13 17:29:26.02",72
"2016-05-13 17:29:26.03",72
"2016-05-13 17:29:26.04",72
"2016-05-13 17:29:26.05",72
"2016-05-13 17:29:26.06",72
"2016-05-13 17:29:26.07",72
"2016-05-13 17:29:26.08",72
"2016-05-13 17:29:26.09",72
"2016-05-13 17:29:26.10",72
"2016-05-13 17:29:26.11",72
"2016-05-13 17:29:26.12",72
"2016-05-13 17:29:26.13",72
"2016-05-13 17:29:26.14",72
"2016-05-13 17:29:26.15",72
"2016-05-13 17:29:26.16",72
"2016-05-13 17:29:26.17",72
"2016-05-13 17:29:26.18",72
"2016-05-13 17:29:26.19",72
"2016-05-13 17:29:26.20",72
"2016-05-13 17:29:26.21",72
"2016-05-13 17:29:26.22",72
"2016-05-13 17:29:26.23",72
"2016-05-13 17:29:26.24",72
"2016-05-13 17:29:26.25",72
"2016-05-13 17:29:26.26",72
"2016-05-13 17:29:26.27",72
"2016-05-13 17:29:26.28",72
"2016-05-13 17:29:26.29",72
"2016-05-13 17:29:26.30",72
"2016-05-13 17:29:26.31",72
"2016-05-13 17:29:26.32",72
"2016-05-13 17:29:26.33",72
"2016-05-13 17:29:26.34",72
"2016-05-13 17:29:26.35",72
"2016-05-13 17:29:26.36",72
"2016-05-13 17:29:26.37",72
"2016-05-13 17:29:26.38",72
"2016-05-13 17:29:26.39",72
"2016-05-13 17:29:26.40",72
"2016-05-13 17:29:26.41",72
"2016-05-13 17:29:26.42",72
"2016-05-13 17:29:26.43",72
"2016-05-13 17:29:26.44",72
"2016-05-13 17:29:26.45",72
"2016-05-13 17:29:26.46",72
"2016-05-13 17:29:26.47",72
"2016-05-13 17:29:26.48",72
"2016-05-13 17:29:26.49",72
"2016-05-13 17:29:26.50",72
"2016-05-13 17:29:26.51",72
"2016-05-13 17:29:26.52",72
"2016-05-13 17:29:26.53",72
"2016-05-13 17:29:26.54",72
"2016-05-13 17:29:26.55",72
"2016-05-13 17:29:26.56",72
"2016-05-13 17:29:26.57",72
"2016-05-13 17:29:26.58",72
"2016-05-13 17:29:26.59",72
"2016-05-13 17:29:26.60",72
"2016-05-13 17:29:26.61",72
"2016-05-13 17:29:26.62",72
"2016-05-13 17:29:26.63",72
"2016-05-13 17:29:26.64",72
"2016-05-13 17:29:26.65",72
"2016-05-13 17:29:26.66",72
"2016-05-13 17:29:26.67",72
"2016-05-13 17:29:26.68",72
"2016-05-13 17:29:26.69",72
"2016-05-13 17:29:26.70",72
"2016-05-13 17:29:26.71",72
"2016-05-13 17:29:26.72",72
"2016-05-13 17:29:26.73",72
"2016-05-13 17:29:26.74",72
"2016-05-13 17:29:26.75",72
"2016-05-13 17:29:26.76",72
"2016-05-13 17:29:26.77",72
"2016-05-13 17:29:26.78",72
"2016-05-13 17:29:26.79",72
"2016-05-13 17:29:26.80",72
"2016-05-13 17:29:26.81",72
"2016-05-13 17:29:26.82",72
"2016-05-13 17:29:26.83",72
"2016-05-13 17:29:26.84",72
"2016-05-13 17:29:26.85",72
"2016-05-13 17:29:26.86",72
"2016-05-13 17:29:26.87",72
"2016-05-13 17:29:26.88",72
"2016-05-13 17:29:26.89",72
"2016-05-13 17:29:26.90",72
"2016-05-13 17:29:26.91",72
"2016-05-13 17:29:26.92",72
"2016-05-13 17:29:26.93",72
"2016-05-13 17:29:26.94",72
"2016-05-13 17:29:26.95",72
"2016-05-13 17:29:26.96",72
"2016-05-13 17:29:26.97",72
"2016-05-13 17:29:26.98",72
"2016-05-13 17:29:26.99",72
"2016-05-13 17:29:27.00",72
"2016-05-13 17:29:27.01",72
"2016-05-13 17:29:27.02",72
"2016-05-13 17:29:27.03",72
"2016-05-13 17:29:27.04",72
"2016-05-13 17:29:27.05",72
"2016-05-13 17:29:27.06",72
"2016-05-13 17:29:27.07",72
"2016-05-13 17:29:27.08",72
"2016-05-13 17:29:27.09",72
"2016-05-13 17:29:27.10",72
"2016-05-13 17:29:27.11",72
"2016-05-13 17:29:27.12",72
"2016-05-13 17:29:27.13",72
"2016-05-13 17:29:27.14",72
"2016-05-13 17:29:27.15",72
"2016-05-13 17:29:27.16",72
"2016-05-13 17:29:27.17",72
"2016-05-13 17:29:27.18",72
"2016-05-13 17:29:27.19",72
"2016-05-13 17:29:27.20",72
"2016-05-13 17:29:27.21",72
"2016-05-13 17:29:27.22",72
"2016-05-13 17:29:27.23",72
"2016-05-13 17:29:27.24",72
"2016-05-13 17:29:27.25",72
"2016-05-13 17:29:27.26",72
"2016-05-13 17:29:27.27",72
"2016-05-13 17:29:27.28",72
"2016-05-13 17:29:27.29",72
"2016-05-13 17:29:27.30",72
"2016-05-13 17:29:27.31",72
"2016-05-13 17:29:27.32",72
"2016-05-13 17:29:27.33",72
"2016-05-13 17:29:27.34",72
"2016-05-13 17:29:27.35",72
"2016-05-13 17:29:27.36",72
"2016-05-13 17:29:27.37",72
"2016-05-13 17:29:27.38",72
"2016-05-13 17:29:27.39",72
"2016-05-13 17:29:27.40",72
"2016-05-13 17:29:27.41",72
"2016-05-13 17:29:27.42",72
"2016-05-13 17:29:27.43",72
"2016-05-13 17:29:27.44",72
"2016-05-13 17:29:27.45",72
"2016-05-13 17:29:27.46",72
"2016-05-13 17:29:27.47",72
"2016-05-13 17:29:27.48",72
"2016-05-13 17:29:27.49",72
"2016-05-13 17:29:27.50",72
"2016-05-13 17:29:27.51",72
"2016-05-13 17:29:27.52",72
"2016-05-13 17:29:27.53",72
"2016-05-13 17:29:27.54",72
"2016-05-13 17:29:27.55",72
"2016-05-13 17:29:27.56",72
"2016-05-13 17:29:27.57",72
"2016-05-13 17:29:27.58",72
"2016-05-13 17:29:27.59",72
"2016-05-13 17:29:27.60",72
"2016-05-13 17:29:27.61",72
"2016-05-13 17:29:27.62",72
"2016-05-13 17:29:27.63",72
"2016-05-13 17:29:27.64",72
"2016-05-13 17:29:27.65",72
"2016-05-13 17:29:27.66",72
"2016-05-13 17:29:27.67",72
"2016-05-13 17:29:27.68",72
"2016-05-13 17:29:27.69",72
"2016-05-13 17:29:27.70",72
"2016-05-13 17:29:27.71",72
"2016-05-13 17:29:27.72",72
"2016-05-13 17:29:27.73",72
"2016-05-13 17:29:27.74",72
"2016-05-13 17:29:27.75",72
"2016-05-13 17:29:27.76",72
"2016-05-13 17:29:27.77",72
"2016-05-13 17:29:27.78",72
"2016-05-13 17:29:27.79",72
"2016-05-13 17:29:27.80",72
"2016-05-13 17:29:27.81",72
"2016-05-13 17:29:27.82",72
"2016-05-13 17:29:27.83",72
"2016-05-13 17:29:27.84",72
"2016-05-13 17:29:27.85",72
"2016-05-13 17:29:27.86",72
"2016-05-13 17:29:27.87",72
"2016-05-13 17:29:27.88",72
"2016-05-13 17:29:27.89",72
"2016-05-13 17:29:27.90",72
"2016-05-13 17:29:27.91",72
"2016-05-13 17:29:27.92",72
"2016-05-13 17:29:27.93",72
"2016-05-13 17:29:27.94",72
"2016-05-13 17:29:27.95",72
"2016-05-13 17:29:27.96",72
"2016-05-13 17:29:27.97",72
"2016-05-13 17:29:27.98",72
"2016-05-13 17:29:27.99",72
"2016-05-13 17:29:28.00",72
"2016-05-13 17:29:28.01",72
"2016-05-13 17:29:28.02",72
"2016-05-13 17:29:28.03",72
"2016-05-13 17:29:28.04",72
"2016-05-13 17:29:28.05",72
"2016-05-13 17:29:28.06",72
"2016-05-13 17:29:28.07",72
"2016-05-13 17:29:28.08",72
"2016-05-13 17:29:28.09",72
"2016-05-13 17:29:28.10",72
"2016-05-13 17:29:28.11",72
"2016-05-13 17:29:28.12",72
"2016-05-13 17:29:28.13",72
"2016-05-13 17:29:28.14",72
"2016-05-13 17:29:28.15",72
"2016-05-13 17:29:28.16",72
"2016-05-13 17:29:28.17",72
"2016-05-13 17:29:28.18",72
"2016-05-13 17:29:28.19",72
"2016-05-13 17:29:28.20",72
"2016-05-13 17:29:28.21",72
"2016-05-13 17:29:28.22",72
"2016-05-13 17:29:28.23",72
"2016-05-13 17:29:28.24",72
"2016-05-13 17:29:28.25",72
"2016-05-13 17:29:28.26",72
"2016-05-13 17:29:28.27",72
"2016-05-13 17:29:28.28",72
"2016-05-13 17:29:28.29",72
"2016-05-13 17:29:28.30",72
"2016-05-13 17:29:28.31",72
"2016-05-13 17:29:28.32",72
"2016-05-13 17:29:28.33",72
"2016-05-13 17:29:28.34",72
"2016-05-13 17:29:28.35",72
"2016-05-13 17:29:28.36",72
"2016-05-13 17:29:28.37",72
"2016-05-13 17:29:28.38",72
"2016-05-13 17:29:28.39",72
"2016-05-13 17:29:28.40",72
"2016-05-13 17:29:28.41",72
"2016-05-13 17:29:28.42",72
"2016-05-13 17:29:28.43",72
"2016-05-13 17:29:28.44",72
"2016-05-13 17:29:28.45",72
"2016-05-13 17:29:28.46",72
"2016-05-13 17:29:28.47",72
"2016-05-13 17:29:28.48",72
"2016-05-13 17:29:28.49",72
"2016-05-13 17:29:28.50",72
"2016-05-13 17:29:28.51",72
"2016-05-13 17:29:28.52",72
"2016-05-13 17:29:28.53",72
"2016-05-13 17:29:28.54",72
"2016-05-13 17:29:28.55",72
"2016-05-13 17:29:28.56",24481
"2016-05-13 17:29:28.57",4277
"2016-05-13 17:29:28.58",494
"2016-05-13 17:29:28.59",502
"2016-05-13 17:29:28.60",410
"2016-05-13 17:29:28.61",554
"2016-05-13 17:29:28.62",588
"2016-05-13 17:29:28.63",379
"2016-05-13 17:29:28.64",285
"2016-05-13 17:29:28.65",483
"2016-05-13 17:29:28.66",336
"2016-05-13 17:29:28.67",119
"2016-05-13 17:29:28.68",662
"2016-05-13 17:29:28.69",474
"2016-05-13 17:29:28.70",405
"2016-05-13 17:29:28.71",290
"2016-05-13 17:29:28.72",443
"2016-05-13 17:29:28.73",499
"2016-05-13 17:29:28.74",158
"2016-05-13 17:29:28.75",290
"2016-05-13 17:29:28.76",264
"2016-05-13 17:29:28.77",0
"2016-05-13 17:29:28.78",98
"2016-05-13 17:29:28.79",120
"2016-05-13 17:29:28.80",64
"2016-05-13 17:29:28.81",234
"2016-05-13 17:29:28.82",332
"2016-05-13 17:29:28.83",115
"2016-05-13 17:29:28.84",226
"2016-05-13 17:29:28.85",214
"2016-05-13 17:29:28.86",73
"2016-05-13 17:29:28.87",8
"2016-05-13 17:29:28.88",0
"2016-05-13 17:29:28.89",26
"2016-05-13 17:29:28.90",273
"2016-05-13 17:29:28.91",120
"2016-05-13 17:29:28.92",154
"2016-05-13 17:29:28.93",312
"2016-05-13 17:29:28.94",354
"2016-05-13 17:29:28.95",265
"2016-05-13 17:29:28.96",316
"2016-05-13 17:29:28.97",319
"2016-05-13 17:29:28.98",127
"2016-05-13 17:29:28.99",178
"2016-05-13 17:29:29.00",461
"2016-05-13 17:29:29.01",174
"2016-05-13 17:29:29.02",291
"2016-05-13 17:29:29.03",0
"2016-05-13 17:29:29.04",312
"2016-05-13 17:29:29.05",363
"2016-05-13 17:29:29.06",333
"2016-05-13 17:29:29.07",307
"2016-05-13 17:29:29.08",307
"2016-05-13 17:29:29.09",434
"2016-05-13 17:29:29.10",354
"2016-05-13 17:29:29.11",426
"2016-05-13 17:29:29.12",341
"2016-05-13 17:29:29.13",286
"2016-05-13 17:29:29.14",192
"2016-05-13 17:29:29.15",499
"2016-05-13 17:29:29.16",417
"2016-05-13 17:29:29.17",329
"2016-05-13 17:29:29.18",375
"2016-05-13 17:29:29.19",529
"2016-05-13 17:29:29.20",490
"2016-05-13 17:29:29.21",325
"2016-05-13 17:29:29.22",473
"2016-05-13 17:29:29.23",494
"2016-05-13 17:29:29.24",494
"2016-05-13 17:29:29.25",494
"2016-05-13 17:29:29.26",494
"2016-05-13 17:29:29.27",494
"2016-05-13 17:29:29.28",494
"2016-05-13 17:29:29.29",494
"2016-05-13 17:29:29.30",494
"2016-05-13 17:29:29.31",494
"2016-05-13 17:29:29.32",494
"2016-05-13 17:29:29.33",494
"2016-05-13 17:29:29.34",494
"2016-05-13 17:29:29.35",494
"2016-05-13 17:29:29.36",494
"2016-05-13 17:29:29.37",494
"2016-05-13 17:29:29.38",494
"2016-05-13 17:29:29.39",494
"2016-05-13 17:29:29.40",494
"2016-05-13 17:29:29.41",494
"2016-05-13 17:29:29.42",494
"2016-05-13 17:29:29.43",494
"2016-05-13 17:29:29.44",494
"2016-05-13 17:29:29.45",494
"2016-05-13 17:29:29.46",494
"2016-05-13 17:29:29.47",494
"2016-05-13 17:29:29.48",494
"2016-05-13 17:29:29.49",494
"2016-05-13 17:29:29.50",494
"2016-05-13 17:29:29.51",494
"2016-05-13 17:29:29.52",494
"2016-05-13 17:29:29.53",494
"2016-05-13 17:29:29.54",494
"2016-05-13 17:29:29.55",494
"2016-05-13 17:29:29.56",494
"2016-05-13 17:29:29.57",494
"2016-05-13 17:29:29.58",494
"2016-05-13 17:29:29.59",494
"2016-05-13 17:29:29.60",494
"2016-05-13 17:29:29.61",494
"2016-05-13 17:29:29.62",494
"2016-05-13 17:29:29.63",494
"2016-05-13 17:29:29.64",494
"2016-05-13 17:29:29.65",494
"2016-05-13 17:29:29.66",494
"2016-05-13 17:29:29.67",494
"2016-05-13 17:29:29.68",494
"2016-05-13 17:29:29.69",494
"2016-05-13 17:29:29.70",494
"2016-05-13 17:29:29.71",494
"2016-05-13 17:29:29.72",494
"2016-05-13 17:29:29.73",494
"2016-05-13 17:29:29.74",494
"2016-05-13 17:29:29.75",494
"2016-05-13 17:29:29.76",494
"2016-05-13 17:29:29.77",494
"2016-05-13 17:29:29.78",494
"2016-05-13 17:29:29.79",494
"2016-05-13 17:29:29.80",494
"2016-05-13 17:29:29.81",494
"2016-05-13 17:29:29.82",494
"2016-05-13 17:29:29.83",494
"2016-05-13 17:29:29.84",494
"2016-05-13 17:29:29.85",494
"2016-05-13 17:29:29.86",494
"2016-05-13 17:29:29.87",494
"2016-05-13 17:29:29.88",494
"2016-05-13 17:29:29.89",494
"2016-05-13 17:29:29.90",494
"2016-05-13 17:29:29.91",494
"2016-05-13 17:29:29.92",494
"2016-05-13 17:29:29.93",494
"2016-05-13 17:29:29.94",494
"2016-05-13 17:29:29.95",494
"2016-05-13 17:29:29.96",494
"2016-05-13 17:29:29.97",494
"2016-05-13 17:29:29.98",494
"2016-05-13 17:29:29.99",494
"2016-05-13 17:29:30.00",494
"2016-05-13 17:29:30.01",494
"2016-05-13 17:29:30.02",494
"2016-05-13 17:29:30.03",494
"2016-05-13 17:29:30.04",494
"2016-05-13 17:29:30.05",494
"2016-05-13 17:29:30.06",494
"2016-05-13 17:29:30.07",494
"2016-05-13 17:29:30.08",494
"2016-05-13 17:29:30.09",494
"2016-05-13 17:29:30.10",494
"2016-05-13 17:29:30.11",494
"2016-05-13 17:29:30.12",494
"2016-05-13 17:29:30.13",494
"2016-05-13 17:29:30.14",494
"2016-05-13 17:29:30.15",494
"2016-05-13 17:29:30.16",494
"2016-05-13 17:29:30.17",494
"2016-05-13 17:29:30.18",494
"2016-05-13 17:29:30.19",494
"2016-05-13 17:29:30.20",494
"2016-05-13 17:29:30.21",494
"2016-05-13 17:29:30.22",494
"2016-05-13 17:29:30.23",494
"2016-05-13 17:29:30.24",494
"2016-05-13 17:29:30.25",494
"2016-05-13 17:29:30.26",494
"2016-05-13 17:29:30.27",494
"2016-05-13 17:29:30.28",494
"2016-05-13 17:29:30.29",494
"2016-05-13 17:29:30.30",494
"2016-05-13 17:29:30.31",494
"2016-05-13 17:29:30.32",494
"2016-05-13 17:29:30.33",494
"2016-05-13 17:29:30.34",494
"2016-05-13 17:29:30.35",494
"2016-05-13 17:29:30.36",494
"2016-05-13 17:29:30.37",494
"2016-05-13 17:29:30.38",494
"2016-05-13 17:29:30.39",3158016
"2016-05-13 17:29:30.40",0
